layer,expert,topic,count
0,0,physics,46
0,1,physics,5
0,2,physics,8
0,3,physics,12
0,4,physics,11
0,5,physics,9
0,6,physics,71
0,7,physics,9
0,8,physics,10
0,9,physics,8
0,10,physics,12
0,11,physics,9
0,13,physics,3
0,14,physics,10
0,15,physics,5
0,16,physics,10
0,17,physics,16
0,18,physics,7
0,19,physics,7
0,20,physics,1
0,21,physics,22
0,22,physics,15
0,23,physics,9
0,24,physics,13
0,25,physics,7
0,26,physics,10
0,27,physics,2
0,29,physics,4
0,30,physics,14
0,31,physics,7
0,32,physics,9
0,33,physics,5
0,34,physics,2
0,35,physics,7
0,36,physics,5
0,37,physics,4
0,38,physics,12
0,39,physics,15
0,40,physics,2
0,41,physics,23
0,42,physics,10
0,43,physics,11
0,44,physics,13
0,45,physics,5
0,46,physics,16
0,47,physics,16
0,48,physics,10
0,49,physics,9
0,50,physics,10
0,51,physics,10
0,52,physics,2
0,53,physics,5
0,54,physics,7
0,55,physics,6
0,56,physics,5
0,57,physics,26
0,58,physics,2
0,59,physics,11
0,60,physics,16
0,61,physics,13
0,62,physics,7
0,63,physics,14
0,0,computer_science,27
0,1,computer_science,8
0,2,computer_science,9
0,3,computer_science,18
0,4,computer_science,6
0,5,computer_science,9
0,6,computer_science,80
0,7,computer_science,7
0,8,computer_science,13
0,9,computer_science,1
0,10,computer_science,17
0,11,computer_science,3
0,12,computer_science,3
0,13,computer_science,5
0,14,computer_science,19
0,15,computer_science,6
0,16,computer_science,8
0,17,computer_science,22
0,18,computer_science,11
0,19,computer_science,12
0,20,computer_science,6
0,21,computer_science,32
0,22,computer_science,20
0,23,computer_science,9
0,24,computer_science,19
0,25,computer_science,6
0,26,computer_science,10
0,27,computer_science,11
0,28,computer_science,3
0,29,computer_science,5
0,30,computer_science,6
0,31,computer_science,10
0,32,computer_science,10
0,33,computer_science,12
0,34,computer_science,2
0,35,computer_science,6
0,36,computer_science,4
0,37,computer_science,4
0,38,computer_science,11
0,39,computer_science,14
0,40,computer_science,8
0,41,computer_science,25
0,42,computer_science,11
0,43,computer_science,9
0,44,computer_science,10
0,45,computer_science,17
0,46,computer_science,19
0,47,computer_science,10
0,48,computer_science,9
0,49,computer_science,8
0,50,computer_science,7
0,51,computer_science,9
0,52,computer_science,3
0,53,computer_science,6
0,54,computer_science,14
0,55,computer_science,4
0,56,computer_science,2
0,57,computer_science,19
0,58,computer_science,4
0,59,computer_science,17
0,60,computer_science,25
0,61,computer_science,16
0,62,computer_science,9
0,63,computer_science,23
0,0,biology,8
0,1,biology,3
0,2,biology,3
0,3,biology,15
0,4,biology,3
0,5,biology,11
0,6,biology,66
0,7,biology,4
0,8,biology,11
0,9,biology,12
0,10,biology,12
0,11,biology,7
0,12,biology,1
0,13,biology,7
0,14,biology,6
0,15,biology,4
0,16,biology,2
0,17,biology,12
0,18,biology,15
0,19,biology,6
0,21,biology,16
0,22,biology,16
0,23,biology,10
0,24,biology,21
0,25,biology,1
0,26,biology,8
0,27,biology,4
0,29,biology,3
0,30,biology,16
0,31,biology,8
0,32,biology,1
0,33,biology,6
0,34,biology,23
0,35,biology,4
0,36,biology,4
0,37,biology,2
0,38,biology,15
0,39,biology,16
0,40,biology,2
0,41,biology,27
0,42,biology,6
0,43,biology,5
0,44,biology,24
0,45,biology,10
0,46,biology,12
0,47,biology,12
0,48,biology,10
0,49,biology,10
0,50,biology,8
0,51,biology,13
0,52,biology,3
0,53,biology,5
0,54,biology,9
0,55,biology,9
0,56,biology,5
0,57,biology,21
0,59,biology,9
0,60,biology,28
0,61,biology,11
0,62,biology,3
0,63,biology,16
0,0,law,7
0,1,law,10
0,2,law,8
0,3,law,19
0,4,law,12
0,5,law,14
0,6,law,71
0,7,law,8
0,8,law,16
0,9,law,1
0,10,law,8
0,11,law,10
0,12,law,5
0,13,law,10
0,14,law,7
0,15,law,4
0,16,law,9
0,17,law,13
0,18,law,8
0,19,law,6
0,20,law,1
0,21,law,20
0,22,law,13
0,23,law,9
0,24,law,11
0,25,law,1
0,26,law,9
0,27,law,1
0,28,law,10
0,30,law,10
0,31,law,13
0,32,law,8
0,33,law,12
0,34,law,1
0,35,law,7
0,36,law,4
0,37,law,4
0,38,law,14
0,39,law,14
0,41,law,26
0,42,law,3
0,43,law,11
0,44,law,13
0,45,law,7
0,46,law,13
0,47,law,9
0,48,law,17
0,49,law,12
0,50,law,10
0,51,law,23
0,52,law,3
0,53,law,5
0,54,law,7
0,55,law,4
0,56,law,4
0,57,law,15
0,58,law,1
0,59,law,10
0,60,law,16
0,61,law,13
0,62,law,11
0,63,law,15
0,0,history,3
0,1,history,1
0,2,history,2
0,3,history,9
0,4,history,2
0,5,history,15
0,6,history,67
0,7,history,9
0,8,history,17
0,9,history,8
0,10,history,14
0,11,history,2
0,12,history,8
0,13,history,5
0,14,history,9
0,15,history,7
0,16,history,5
0,17,history,26
0,18,history,19
0,19,history,11
0,21,history,13
0,22,history,11
0,23,history,13
0,24,history,11
0,25,history,6
0,26,history,4
0,27,history,1
0,28,history,3
0,30,history,12
0,31,history,7
0,32,history,2
0,33,history,3
0,35,history,2
0,36,history,4
0,37,history,7
0,38,history,19
0,39,history,21
0,41,history,32
0,42,history,4
0,43,history,5
0,44,history,15
0,45,history,12
0,46,history,16
0,47,history,19
0,48,history,10
0,49,history,9
0,50,history,8
0,51,history,26
0,52,history,2
0,53,history,3
0,54,history,6
0,55,history,10
0,56,history,3
0,57,history,18
0,59,history,10
0,60,history,14
0,61,history,19
0,62,history,5
0,63,history,16
0,0,medicine,9
0,1,medicine,1
0,3,medicine,13
0,4,medicine,6
0,5,medicine,12
0,6,medicine,57
0,7,medicine,6
0,8,medicine,11
0,9,medicine,15
0,10,medicine,9
0,11,medicine,8
0,13,medicine,6
0,14,medicine,7
0,15,medicine,4
0,16,medicine,2
0,17,medicine,14
0,18,medicine,15
0,19,medicine,7
0,21,medicine,15
0,22,medicine,8
0,23,medicine,8
0,24,medicine,13
0,25,medicine,5
0,26,medicine,7
0,27,medicine,3
0,29,medicine,2
0,30,medicine,6
0,31,medicine,6
0,32,medicine,2
0,33,medicine,6
0,34,medicine,17
0,35,medicine,2
0,36,medicine,5
0,37,medicine,3
0,38,medicine,12
0,39,medicine,15
0,41,medicine,22
0,42,medicine,4
0,43,medicine,3
0,44,medicine,19
0,45,medicine,9
0,46,medicine,15
0,47,medicine,10
0,48,medicine,8
0,49,medicine,4
0,50,medicine,6
0,51,medicine,10
0,52,medicine,2
0,53,medicine,4
0,54,medicine,5
0,55,medicine,9
0,56,medicine,5
0,57,medicine,19
0,59,medicine,11
0,60,medicine,16
0,61,medicine,8
0,62,medicine,2
0,63,medicine,16
0,0,finance,18
0,1,finance,9
0,2,finance,8
0,3,finance,14
0,4,finance,7
0,5,finance,10
0,6,finance,76
0,7,finance,5
0,8,finance,15
0,9,finance,2
0,10,finance,14
0,11,finance,14
0,12,finance,3
0,13,finance,8
0,14,finance,13
0,15,finance,4
0,16,finance,4
0,17,finance,16
0,18,finance,10
0,19,finance,6
0,20,finance,2
0,21,finance,13
0,22,finance,18
0,23,finance,11
0,24,finance,22
0,25,finance,7
0,26,finance,8
0,27,finance,4
0,28,finance,1
0,29,finance,1
0,30,finance,9
0,31,finance,11
0,32,finance,7
0,33,finance,11
0,34,finance,6
0,35,finance,6
0,36,finance,4
0,37,finance,6
0,38,finance,15
0,39,finance,14
0,40,finance,1
0,41,finance,23
0,42,finance,7
0,43,finance,6
0,44,finance,20
0,45,finance,14
0,46,finance,16
0,47,finance,14
0,48,finance,13
0,49,finance,10
0,50,finance,11
0,51,finance,17
0,52,finance,2
0,53,finance,4
0,54,finance,9
0,55,finance,10
0,56,finance,2
0,57,finance,31
0,59,finance,14
0,60,finance,23
0,61,finance,13
0,62,finance,11
0,63,finance,17
0,0,mathematics,23
0,1,mathematics,7
0,2,mathematics,5
0,3,mathematics,9
0,4,mathematics,7
0,5,mathematics,9
0,6,mathematics,57
0,7,mathematics,10
0,8,mathematics,14
0,9,mathematics,5
0,10,mathematics,7
0,11,mathematics,5
0,12,mathematics,1
0,13,mathematics,5
0,14,mathematics,5
0,15,mathematics,2
0,16,mathematics,6
0,17,mathematics,16
0,18,mathematics,11
0,19,mathematics,5
0,21,mathematics,20
0,22,mathematics,7
0,23,mathematics,8
0,24,mathematics,12
0,25,mathematics,4
0,26,mathematics,5
0,27,mathematics,4
0,29,mathematics,2
0,30,mathematics,5
0,31,mathematics,9
0,32,mathematics,6
0,33,mathematics,2
0,34,mathematics,2
0,35,mathematics,5
0,36,mathematics,5
0,37,mathematics,5
0,38,mathematics,16
0,39,mathematics,13
0,40,mathematics,1
0,41,mathematics,22
0,42,mathematics,9
0,43,mathematics,11
0,44,mathematics,10
0,45,mathematics,11
0,46,mathematics,15
0,47,mathematics,15
0,48,mathematics,9
0,49,mathematics,6
0,50,mathematics,8
0,51,mathematics,14
0,52,mathematics,2
0,53,mathematics,1
0,54,mathematics,6
0,55,mathematics,7
0,56,mathematics,2
0,57,mathematics,13
0,58,mathematics,2
0,59,mathematics,5
0,60,mathematics,12
0,61,mathematics,10
0,62,mathematics,9
0,63,mathematics,21
1,0,physics,13
1,1,physics,28
1,2,physics,3
1,3,physics,6
1,4,physics,3
1,5,physics,4
1,6,physics,3
1,7,physics,8
1,8,physics,6
1,9,physics,18
1,10,physics,4
1,11,physics,10
1,12,physics,19
1,13,physics,7
1,14,physics,8
1,15,physics,7
1,16,physics,1
1,17,physics,29
1,18,physics,25
1,19,physics,6
1,20,physics,12
1,21,physics,8
1,22,physics,5
1,23,physics,18
1,24,physics,2
1,25,physics,26
1,26,physics,7
1,27,physics,6
1,28,physics,8
1,29,physics,5
1,30,physics,10
1,31,physics,12
1,32,physics,17
1,33,physics,4
1,34,physics,4
1,35,physics,8
1,36,physics,3
1,37,physics,13
1,38,physics,2
1,39,physics,8
1,40,physics,19
1,41,physics,7
1,42,physics,7
1,43,physics,2
1,44,physics,4
1,45,physics,17
1,46,physics,5
1,47,physics,55
1,48,physics,7
1,49,physics,16
1,50,physics,10
1,51,physics,9
1,52,physics,7
1,53,physics,12
1,54,physics,14
1,55,physics,8
1,56,physics,4
1,57,physics,5
1,58,physics,11
1,59,physics,23
1,60,physics,4
1,61,physics,15
1,62,physics,15
1,63,physics,18
1,0,computer_science,4
1,1,computer_science,29
1,2,computer_science,8
1,3,computer_science,10
1,4,computer_science,3
1,5,computer_science,2
1,6,computer_science,5
1,7,computer_science,9
1,8,computer_science,1
1,9,computer_science,12
1,10,computer_science,5
1,11,computer_science,11
1,12,computer_science,32
1,13,computer_science,4
1,14,computer_science,9
1,15,computer_science,13
1,16,computer_science,2
1,17,computer_science,13
1,18,computer_science,26
1,19,computer_science,9
1,20,computer_science,10
1,21,computer_science,9
1,22,computer_science,5
1,23,computer_science,17
1,24,computer_science,8
1,25,computer_science,58
1,26,computer_science,13
1,27,computer_science,2
1,29,computer_science,12
1,30,computer_science,21
1,31,computer_science,17
1,32,computer_science,21
1,33,computer_science,8
1,34,computer_science,1
1,35,computer_science,11
1,36,computer_science,1
1,37,computer_science,11
1,38,computer_science,8
1,39,computer_science,8
1,40,computer_science,28
1,41,computer_science,12
1,42,computer_science,7
1,43,computer_science,11
1,44,computer_science,11
1,45,computer_science,18
1,46,computer_science,5
1,47,computer_science,37
1,48,computer_science,4
1,49,computer_science,21
1,50,computer_science,6
1,51,computer_science,4
1,52,computer_science,7
1,53,computer_science,13
1,54,computer_science,16
1,55,computer_science,9
1,56,computer_science,9
1,57,computer_science,8
1,58,computer_science,10
1,59,computer_science,22
1,60,computer_science,10
1,61,computer_science,18
1,62,computer_science,20
1,63,computer_science,14
1,0,biology,12
1,1,biology,20
1,2,biology,2
1,3,biology,9
1,4,biology,3
1,5,biology,1
1,6,biology,3
1,7,biology,6
1,8,biology,6
1,9,biology,17
1,10,biology,2
1,11,biology,10
1,12,biology,23
1,13,biology,8
1,14,biology,6
1,15,biology,9
1,16,biology,4
1,17,biology,4
1,18,biology,22
1,19,biology,7
1,20,biology,12
1,21,biology,5
1,22,biology,2
1,23,biology,22
1,24,biology,12
1,25,biology,13
1,26,biology,3
1,27,biology,5
1,28,biology,4
1,29,biology,15
1,30,biology,7
1,31,biology,12
1,32,biology,14
1,33,biology,4
1,34,biology,2
1,35,biology,15
1,36,biology,2
1,37,biology,12
1,38,biology,4
1,39,biology,8
1,40,biology,21
1,41,biology,9
1,42,biology,5
1,43,biology,1
1,44,biology,8
1,45,biology,20
1,46,biology,17
1,47,biology,28
1,48,biology,9
1,49,biology,14
1,50,biology,2
1,51,biology,10
1,52,biology,9
1,53,biology,19
1,54,biology,10
1,55,biology,10
1,56,biology,2
1,57,biology,24
1,58,biology,11
1,59,biology,20
1,60,biology,6
1,61,biology,10
1,62,biology,19
1,63,biology,9
1,0,law,10
1,1,law,23
1,2,law,3
1,3,law,10
1,4,law,6
1,5,law,2
1,7,law,7
1,8,law,4
1,9,law,15
1,11,law,13
1,12,law,35
1,13,law,9
1,14,law,5
1,15,law,8
1,17,law,17
1,18,law,23
1,19,law,7
1,20,law,9
1,21,law,8
1,22,law,10
1,23,law,21
1,24,law,7
1,25,law,16
1,26,law,1
1,27,law,9
1,28,law,2
1,29,law,10
1,30,law,26
1,31,law,9
1,32,law,13
1,33,law,6
1,34,law,5
1,35,law,19
1,36,law,3
1,37,law,13
1,38,law,8
1,39,law,11
1,40,law,19
1,41,law,7
1,42,law,4
1,43,law,3
1,44,law,1
1,45,law,19
1,46,law,5
1,47,law,7
1,48,law,17
1,49,law,28
1,50,law,6
1,51,law,9
1,52,law,5
1,53,law,19
1,54,law,13
1,55,law,13
1,56,law,3
1,57,law,9
1,58,law,11
1,59,law,16
1,60,law,5
1,61,law,8
1,62,law,11
1,63,law,15
1,0,history,8
1,1,history,16
1,2,history,5
1,3,history,9
1,4,history,2
1,5,history,4
1,6,history,2
1,7,history,6
1,8,history,6
1,9,history,19
1,10,history,2
1,11,history,20
1,12,history,23
1,13,history,12
1,14,history,14
1,15,history,11
1,16,history,3
1,17,history,1
1,18,history,24
1,19,history,4
1,20,history,13
1,21,history,5
1,22,history,6
1,23,history,15
1,24,history,6
1,25,history,13
1,26,history,1
1,27,history,3
1,28,history,4
1,29,history,13
1,30,history,13
1,31,history,11
1,32,history,23
1,33,history,3
1,34,history,2
1,35,history,25
1,36,history,7
1,37,history,23
1,38,history,5
1,39,history,16
1,40,history,27
1,41,history,14
1,42,history,9
1,44,history,2
1,45,history,19
1,46,history,6
1,47,history,6
1,48,history,18
1,49,history,19
1,50,history,2
1,51,history,15
1,52,history,8
1,53,history,26
1,54,history,6
1,55,history,6
1,56,history,2
1,57,history,4
1,58,history,6
1,59,history,12
1,60,history,5
1,61,history,10
1,62,history,12
1,63,history,8
1,0,medicine,9
1,1,medicine,20
1,2,medicine,6
1,3,medicine,9
1,4,medicine,3
1,7,medicine,6
1,8,medicine,6
1,9,medicine,11
1,11,medicine,12
1,12,medicine,23
1,13,medicine,3
1,14,medicine,10
1,15,medicine,10
1,16,medicine,2
1,17,medicine,7
1,18,medicine,25
1,19,medicine,5
1,20,medicine,12
1,21,medicine,5
1,22,medicine,2
1,23,medicine,17
1,24,medicine,4
1,25,medicine,9
1,26,medicine,3
1,27,medicine,3
1,28,medicine,5
1,29,medicine,9
1,30,medicine,15
1,31,medicine,5
1,32,medicine,19
1,33,medicine,3
1,34,medicine,1
1,35,medicine,15
1,36,medicine,1
1,37,medicine,10
1,38,medicine,6
1,39,medicine,6
1,40,medicine,21
1,41,medicine,10
1,42,medicine,3
1,43,medicine,2
1,44,medicine,9
1,45,medicine,14
1,46,medicine,5
1,47,medicine,19
1,48,medicine,6
1,49,medicine,16
1,51,medicine,5
1,52,medicine,4
1,53,medicine,15
1,54,medicine,9
1,55,medicine,6
1,56,medicine,3
1,57,medicine,24
1,58,medicine,6
1,59,medicine,15
1,60,medicine,5
1,61,medicine,10
1,62,medicine,10
1,63,medicine,10
1,0,finance,12
1,1,finance,31
1,2,finance,7
1,3,finance,10
1,4,finance,4
1,5,finance,4
1,6,finance,1
1,7,finance,6
1,8,finance,4
1,9,finance,13
1,10,finance,2
1,11,finance,10
1,12,finance,31
1,13,finance,5
1,14,finance,12
1,15,finance,11
1,16,finance,1
1,17,finance,12
1,18,finance,21
1,19,finance,15
1,20,finance,12
1,21,finance,10
1,22,finance,11
1,23,finance,15
1,24,finance,7
1,25,finance,12
1,26,finance,2
1,27,finance,5
1,28,finance,6
1,29,finance,11
1,30,finance,18
1,31,finance,12
1,32,finance,16
1,33,finance,5
1,34,finance,6
1,35,finance,20
1,36,finance,5
1,37,finance,16
1,38,finance,5
1,39,finance,9
1,40,finance,22
1,41,finance,18
1,42,finance,4
1,43,finance,1
1,44,finance,4
1,45,finance,22
1,46,finance,2
1,47,finance,26
1,48,finance,9
1,49,finance,27
1,50,finance,7
1,51,finance,8
1,52,finance,5
1,53,finance,17
1,54,finance,14
1,55,finance,15
1,56,finance,7
1,57,finance,10
1,58,finance,15
1,59,finance,24
1,60,finance,5
1,61,finance,17
1,62,finance,10
1,63,finance,16
1,0,mathematics,9
1,1,mathematics,17
1,2,mathematics,2
1,3,mathematics,5
1,4,mathematics,5
1,5,mathematics,1
1,7,mathematics,6
1,8,mathematics,1
1,9,mathematics,19
1,11,mathematics,10
1,12,mathematics,23
1,13,mathematics,3
1,14,mathematics,5
1,15,mathematics,14
1,16,mathematics,2
1,17,mathematics,13
1,18,mathematics,25
1,19,mathematics,5
1,20,mathematics,3
1,21,mathematics,8
1,22,mathematics,6
1,23,mathematics,14
1,24,mathematics,3
1,25,mathematics,23
1,26,mathematics,1
1,27,mathematics,3
1,28,mathematics,1
1,29,mathematics,9
1,30,mathematics,14
1,31,mathematics,4
1,32,mathematics,20
1,33,mathematics,3
1,34,mathematics,2
1,35,mathematics,3
1,36,mathematics,3
1,37,mathematics,14
1,38,mathematics,5
1,39,mathematics,10
1,40,mathematics,17
1,41,mathematics,14
1,42,mathematics,3
1,43,mathematics,3
1,44,mathematics,6
1,45,mathematics,12
1,46,mathematics,3
1,47,mathematics,37
1,48,mathematics,10
1,49,mathematics,23
1,50,mathematics,4
1,51,mathematics,14
1,52,mathematics,6
1,53,mathematics,18
1,54,mathematics,9
1,55,mathematics,11
1,56,mathematics,5
1,57,mathematics,5
1,58,mathematics,1
1,59,mathematics,9
1,60,mathematics,3
1,61,mathematics,9
1,62,mathematics,8
1,63,mathematics,16
2,0,physics,13
2,1,physics,9
2,2,physics,1
2,3,physics,6
2,4,physics,2
2,5,physics,15
2,6,physics,2
2,7,physics,9
2,8,physics,12
2,9,physics,4
2,10,physics,4
2,11,physics,7
2,12,physics,1
2,13,physics,2
2,14,physics,6
2,15,physics,18
2,16,physics,16
2,17,physics,10
2,18,physics,6
2,19,physics,10
2,20,physics,17
2,21,physics,10
2,22,physics,8
2,23,physics,7
2,24,physics,9
2,25,physics,5
2,26,physics,14
2,27,physics,24
2,28,physics,9
2,29,physics,19
2,30,physics,12
2,31,physics,2
2,32,physics,18
2,33,physics,20
2,34,physics,14
2,35,physics,22
2,36,physics,50
2,37,physics,5
2,38,physics,9
2,39,physics,3
2,40,physics,25
2,41,physics,2
2,42,physics,2
2,43,physics,9
2,44,physics,9
2,45,physics,16
2,46,physics,10
2,47,physics,7
2,48,physics,9
2,49,physics,2
2,50,physics,8
2,51,physics,8
2,52,physics,2
2,53,physics,3
2,54,physics,26
2,55,physics,7
2,56,physics,13
2,57,physics,1
2,58,physics,11
2,59,physics,7
2,60,physics,11
2,61,physics,9
2,62,physics,23
2,63,physics,30
2,0,computer_science,10
2,1,computer_science,8
2,3,computer_science,10
2,5,computer_science,62
2,6,computer_science,9
2,7,computer_science,8
2,8,computer_science,25
2,9,computer_science,7
2,10,computer_science,9
2,11,computer_science,6
2,12,computer_science,6
2,13,computer_science,8
2,14,computer_science,9
2,15,computer_science,19
2,16,computer_science,12
2,17,computer_science,10
2,18,computer_science,11
2,19,computer_science,8
2,20,computer_science,12
2,21,computer_science,10
2,22,computer_science,9
2,23,computer_science,9
2,24,computer_science,11
2,25,computer_science,2
2,26,computer_science,9
2,27,computer_science,22
2,28,computer_science,24
2,29,computer_science,12
2,30,computer_science,16
2,32,computer_science,10
2,33,computer_science,10
2,34,computer_science,18
2,35,computer_science,25
2,36,computer_science,12
2,37,computer_science,4
2,38,computer_science,15
2,39,computer_science,2
2,40,computer_science,78
2,41,computer_science,2
2,42,computer_science,5
2,43,computer_science,1
2,44,computer_science,7
2,45,computer_science,16
2,46,computer_science,14
2,47,computer_science,9
2,48,computer_science,8
2,49,computer_science,3
2,50,computer_science,4
2,51,computer_science,7
2,52,computer_science,1
2,53,computer_science,3
2,54,computer_science,39
2,55,computer_science,3
2,56,computer_science,6
2,57,computer_science,1
2,58,computer_science,8
2,59,computer_science,8
2,60,computer_science,17
2,61,computer_science,14
2,62,computer_science,19
2,63,computer_science,26
2,0,biology,7
2,1,biology,5
2,3,biology,3
2,4,biology,4
2,5,biology,9
2,6,biology,10
2,7,biology,11
2,8,biology,6
2,9,biology,4
2,11,biology,28
2,12,biology,3
2,13,biology,4
2,14,biology,8
2,15,biology,19
2,16,biology,12
2,17,biology,5
2,18,biology,6
2,19,biology,12
2,20,biology,10
2,21,biology,8
2,22,biology,7
2,23,biology,1
2,24,biology,10
2,25,biology,3
2,26,biology,14
2,27,biology,20
2,28,biology,12
2,29,biology,11
2,30,biology,13
2,31,biology,1
2,32,biology,28
2,33,biology,11
2,34,biology,12
2,35,biology,19
2,36,biology,47
2,37,biology,1
2,38,biology,9
2,39,biology,3
2,40,biology,21
2,43,biology,1
2,44,biology,5
2,45,biology,18
2,46,biology,10
2,47,biology,9
2,48,biology,11
2,49,biology,5
2,50,biology,8
2,51,biology,46
2,52,biology,2
2,53,biology,1
2,54,biology,21
2,55,biology,2
2,56,biology,4
2,58,biology,12
2,59,biology,12
2,60,biology,13
2,61,biology,4
2,62,biology,20
2,63,biology,19
2,0,law,8
2,1,law,7
2,3,law,8
2,5,law,11
2,6,law,15
2,7,law,22
2,8,law,11
2,9,law,4
2,10,law,21
2,11,law,22
2,12,law,1
2,13,law,23
2,14,law,8
2,15,law,23
2,16,law,6
2,17,law,10
2,18,law,18
2,19,law,11
2,20,law,8
2,21,law,10
2,22,law,9
2,23,law,9
2,24,law,10
2,25,law,5
2,26,law,14
2,27,law,29
2,28,law,10
2,29,law,14
2,30,law,11
2,31,law,3
2,32,law,3
2,33,law,11
2,34,law,12
2,35,law,29
2,36,law,4
2,37,law,2
2,38,law,5
2,39,law,3
2,40,law,23
2,41,law,10
2,43,law,1
2,44,law,10
2,45,law,20
2,46,law,13
2,47,law,15
2,48,law,4
2,49,law,2
2,50,law,17
2,51,law,8
2,52,law,4
2,53,law,3
2,54,law,8
2,55,law,5
2,56,law,2
2,57,law,2
2,58,law,1
2,59,law,17
2,60,law,15
2,61,law,6
2,62,law,27
2,63,law,13
2,0,history,7
2,1,history,8
2,2,history,2
2,3,history,1
2,5,history,9
2,6,history,10
2,7,history,31
2,8,history,12
2,9,history,10
2,10,history,13
2,11,history,16
2,12,history,4
2,13,history,7
2,14,history,7
2,15,history,19
2,16,history,7
2,17,history,4
2,18,history,13
2,19,history,22
2,20,history,6
2,21,history,8
2,22,history,8
2,23,history,1
2,24,history,12
2,25,history,6
2,26,history,18
2,27,history,22
2,28,history,8
2,29,history,12
2,30,history,14
2,31,history,1
2,32,history,4
2,33,history,7
2,34,history,25
2,35,history,14
2,36,history,27
2,38,history,7
2,39,history,4
2,40,history,13
2,43,history,4
2,44,history,7
2,45,history,14
2,46,history,9
2,47,history,10
2,48,history,12
2,49,history,2
2,50,history,11
2,51,history,4
2,54,history,17
2,55,history,1
2,56,history,5
2,57,history,22
2,58,history,8
2,59,history,36
2,60,history,17
2,62,history,24
2,63,history,18
2,0,medicine,7
2,1,medicine,3
2,2,medicine,1
2,4,medicine,3
2,5,medicine,9
2,6,medicine,6
2,7,medicine,10
2,8,medicine,7
2,9,medicine,4
2,11,medicine,28
2,12,medicine,1
2,13,medicine,2
2,14,medicine,8
2,15,medicine,11
2,16,medicine,4
2,17,medicine,11
2,18,medicine,9
2,19,medicine,14
2,20,medicine,7
2,21,medicine,4
2,22,medicine,7
2,24,medicine,10
2,25,medicine,2
2,26,medicine,14
2,27,medicine,22
2,28,medicine,16
2,29,medicine,11
2,30,medicine,11
2,31,medicine,1
2,32,medicine,19
2,33,medicine,4
2,34,medicine,11
2,35,medicine,14
2,36,medicine,30
2,37,medicine,5
2,38,medicine,2
2,39,medicine,2
2,40,medicine,21
2,41,medicine,1
2,42,medicine,2
2,44,medicine,5
2,45,medicine,16
2,46,medicine,7
2,47,medicine,9
2,48,medicine,2
2,49,medicine,3
2,50,medicine,5
2,51,medicine,48
2,52,medicine,3
2,54,medicine,19
2,55,medicine,1
2,56,medicine,4
2,58,medicine,11
2,59,medicine,9
2,60,medicine,13
2,61,medicine,3
2,62,medicine,16
2,63,medicine,16
2,0,finance,10
2,1,finance,11
2,2,finance,1
2,3,finance,7
2,5,finance,16
2,6,finance,15
2,7,finance,14
2,8,finance,54
2,9,finance,7
2,10,finance,1
2,11,finance,19
2,12,finance,4
2,13,finance,12
2,14,finance,7
2,15,finance,28
2,16,finance,9
2,17,finance,10
2,18,finance,23
2,19,finance,10
2,20,finance,14
2,21,finance,7
2,22,finance,8
2,23,finance,7
2,24,finance,11
2,25,finance,2
2,26,finance,13
2,27,finance,24
2,28,finance,9
2,29,finance,10
2,30,finance,13
2,31,finance,1
2,32,finance,11
2,33,finance,13
2,34,finance,12
2,35,finance,29
2,36,finance,30
2,37,finance,3
2,38,finance,5
2,39,finance,4
2,40,finance,26
2,41,finance,6
2,42,finance,2
2,43,finance,4
2,44,finance,4
2,45,finance,12
2,46,finance,16
2,47,finance,15
2,48,finance,4
2,49,finance,1
2,50,finance,10
2,51,finance,9
2,52,finance,4
2,53,finance,1
2,54,finance,12
2,55,finance,6
2,56,finance,4
2,57,finance,3
2,58,finance,5
2,59,finance,22
2,60,finance,15
2,61,finance,7
2,62,finance,27
2,63,finance,21
2,0,mathematics,13
2,1,mathematics,5
2,3,mathematics,7
2,5,mathematics,21
2,7,mathematics,11
2,8,mathematics,9
2,9,mathematics,4
2,10,mathematics,1
2,11,mathematics,5
2,12,mathematics,2
2,13,mathematics,5
2,14,mathematics,8
2,15,mathematics,24
2,16,mathematics,14
2,17,mathematics,6
2,18,mathematics,4
2,19,mathematics,14
2,20,mathematics,12
2,21,mathematics,4
2,22,mathematics,7
2,23,mathematics,8
2,24,mathematics,10
2,25,mathematics,1
2,26,mathematics,16
2,27,mathematics,21
2,28,mathematics,10
2,29,mathematics,12
2,30,mathematics,13
2,32,mathematics,19
2,33,mathematics,8
2,34,mathematics,15
2,35,mathematics,30
2,36,mathematics,13
2,37,mathematics,1
2,38,mathematics,5
2,39,mathematics,2
2,40,mathematics,32
2,43,mathematics,2
2,44,mathematics,2
2,45,mathematics,19
2,46,mathematics,7
2,47,mathematics,15
2,48,mathematics,6
2,49,mathematics,2
2,50,mathematics,8
2,51,mathematics,9
2,52,mathematics,3
2,53,mathematics,2
2,54,mathematics,11
2,55,mathematics,3
2,56,mathematics,2
2,57,mathematics,1
2,58,mathematics,3
2,59,mathematics,6
2,60,mathematics,15
2,61,mathematics,11
2,62,mathematics,21
2,63,mathematics,20
3,0,physics,33
3,1,physics,9
3,2,physics,5
3,3,physics,6
3,4,physics,16
3,5,physics,5
3,6,physics,5
3,7,physics,7
3,8,physics,6
3,9,physics,2
3,10,physics,17
3,11,physics,4
3,12,physics,17
3,13,physics,3
3,14,physics,1
3,15,physics,17
3,16,physics,3
3,17,physics,3
3,18,physics,20
3,19,physics,6
3,20,physics,5
3,21,physics,3
3,22,physics,2
3,23,physics,25
3,24,physics,3
3,25,physics,2
3,26,physics,3
3,27,physics,1
3,28,physics,11
3,29,physics,3
3,30,physics,14
3,31,physics,24
3,32,physics,8
3,33,physics,12
3,34,physics,3
3,35,physics,68
3,36,physics,7
3,37,physics,3
3,38,physics,4
3,39,physics,11
3,40,physics,13
3,41,physics,7
3,42,physics,9
3,43,physics,16
3,44,physics,4
3,45,physics,27
3,46,physics,11
3,47,physics,10
3,48,physics,3
3,49,physics,18
3,50,physics,10
3,51,physics,7
3,52,physics,7
3,53,physics,3
3,54,physics,8
3,55,physics,10
3,56,physics,9
3,57,physics,26
3,58,physics,2
3,59,physics,18
3,60,physics,7
3,61,physics,26
3,62,physics,22
3,63,physics,10
3,0,computer_science,7
3,1,computer_science,5
3,2,computer_science,2
3,4,computer_science,10
3,5,computer_science,2
3,6,computer_science,2
3,7,computer_science,6
3,8,computer_science,14
3,9,computer_science,7
3,10,computer_science,8
3,11,computer_science,2
3,12,computer_science,14
3,13,computer_science,1
3,14,computer_science,7
3,15,computer_science,18
3,18,computer_science,25
3,19,computer_science,7
3,20,computer_science,8
3,21,computer_science,4
3,22,computer_science,1
3,23,computer_science,27
3,24,computer_science,1
3,25,computer_science,4
3,26,computer_science,7
3,27,computer_science,6
3,28,computer_science,9
3,29,computer_science,6
3,30,computer_science,16
3,31,computer_science,27
3,32,computer_science,3
3,33,computer_science,21
3,34,computer_science,2
3,35,computer_science,54
3,36,computer_science,17
3,37,computer_science,5
3,38,computer_science,5
3,39,computer_science,15
3,40,computer_science,12
3,41,computer_science,11
3,42,computer_science,11
3,43,computer_science,60
3,44,computer_science,21
3,45,computer_science,28
3,46,computer_science,14
3,47,computer_science,9
3,49,computer_science,19
3,50,computer_science,8
3,51,computer_science,8
3,52,computer_science,14
3,54,computer_science,10
3,55,computer_science,24
3,56,computer_science,11
3,57,computer_science,33
3,58,computer_science,6
3,59,computer_science,23
3,60,computer_science,3
3,61,computer_science,22
3,62,computer_science,33
3,63,computer_science,13
3,0,biology,22
3,1,biology,29
3,2,biology,9
3,3,biology,1
3,4,biology,14
3,6,biology,3
3,7,biology,3
3,8,biology,9
3,9,biology,4
3,10,biology,7
3,11,biology,2
3,12,biology,11
3,13,biology,1
3,14,biology,7
3,15,biology,23
3,18,biology,22
3,19,biology,7
3,20,biology,3
3,21,biology,1
3,22,biology,1
3,23,biology,32
3,24,biology,2
3,25,biology,1
3,26,biology,4
3,27,biology,1
3,28,biology,6
3,29,biology,4
3,30,biology,11
3,31,biology,29
3,32,biology,4
3,33,biology,15
3,34,biology,1
3,35,biology,55
3,36,biology,6
3,37,biology,5
3,38,biology,5
3,39,biology,12
3,40,biology,16
3,41,biology,7
3,42,biology,3
3,43,biology,11
3,44,biology,3
3,45,biology,24
3,46,biology,11
3,47,biology,11
3,48,biology,5
3,49,biology,13
3,50,biology,1
3,51,biology,8
3,52,biology,5
3,53,biology,1
3,54,biology,7
3,55,biology,21
3,56,biology,12
3,57,biology,21
3,58,biology,3
3,59,biology,29
3,60,biology,7
3,61,biology,29
3,62,biology,11
3,63,biology,9
3,0,law,5
3,1,law,13
3,2,law,13
3,3,law,4
3,4,law,8
3,5,law,2
3,6,law,19
3,7,law,7
3,8,law,11
3,10,law,5
3,11,law,9
3,12,law,12
3,13,law,2
3,14,law,6
3,15,law,20
3,16,law,10
3,17,law,1
3,18,law,20
3,19,law,8
3,20,law,4
3,21,law,6
3,22,law,3
3,23,law,29
3,25,law,22
3,26,law,3
3,27,law,3
3,28,law,5
3,29,law,1
3,30,law,14
3,31,law,26
3,32,law,6
3,33,law,13
3,34,law,3
3,35,law,5
3,36,law,2
3,37,law,3
3,38,law,6
3,39,law,15
3,40,law,19
3,41,law,8
3,42,law,11
3,43,law,15
3,44,law,2
3,45,law,35
3,46,law,11
3,47,law,5
3,48,law,13
3,49,law,16
3,50,law,8
3,51,law,8
3,54,law,9
3,55,law,9
3,56,law,15
3,57,law,36
3,58,law,16
3,59,law,17
3,60,law,7
3,61,law,32
3,62,law,12
3,63,law,8
3,0,history,9
3,1,history,11
3,2,history,16
3,3,history,14
3,4,history,6
3,5,history,1
3,6,history,10
3,7,history,3
3,8,history,10
3,9,history,1
3,10,history,15
3,11,history,3
3,12,history,11
3,13,history,2
3,14,history,3
3,15,history,26
3,17,history,2
3,18,history,26
3,19,history,7
3,20,history,12
3,21,history,2
3,22,history,4
3,23,history,24
3,24,history,18
3,25,history,14
3,26,history,2
3,27,history,2
3,28,history,4
3,29,history,2
3,30,history,11
3,31,history,20
3,32,history,1
3,33,history,9
3,34,history,1
3,35,history,3
3,37,history,4
3,39,history,14
3,40,history,21
3,41,history,3
3,42,history,2
3,43,history,13
3,44,history,2
3,45,history,40
3,46,history,8
3,47,history,11
3,48,history,32
3,49,history,15
3,50,history,2
3,51,history,9
3,52,history,3
3,53,history,2
3,54,history,7
3,55,history,7
3,56,history,15
3,57,history,17
3,58,history,22
3,59,history,15
3,60,history,5
3,61,history,46
3,62,history,9
3,63,history,11
3,0,medicine,13
3,1,medicine,29
3,2,medicine,10
3,4,medicine,6
3,6,medicine,2
3,7,medicine,1
3,8,medicine,2
3,9,medicine,3
3,10,medicine,8
3,11,medicine,1
3,12,medicine,8
3,13,medicine,1
3,14,medicine,10
3,15,medicine,21
3,17,medicine,1
3,18,medicine,21
3,19,medicine,8
3,20,medicine,4
3,21,medicine,1
3,22,medicine,1
3,23,medicine,35
3,25,medicine,1
3,26,medicine,1
3,28,medicine,4
3,29,medicine,3
3,30,medicine,8
3,31,medicine,27
3,32,medicine,2
3,33,medicine,11
3,35,medicine,38
3,36,medicine,5
3,37,medicine,3
3,38,medicine,2
3,39,medicine,12
3,40,medicine,15
3,41,medicine,5
3,43,medicine,11
3,44,medicine,4
3,45,medicine,30
3,46,medicine,11
3,47,medicine,3
3,48,medicine,4
3,49,medicine,11
3,50,medicine,1
3,51,medicine,7
3,52,medicine,5
3,53,medicine,1
3,54,medicine,6
3,55,medicine,12
3,56,medicine,11
3,57,medicine,21
3,58,medicine,5
3,59,medicine,24
3,60,medicine,4
3,61,medicine,32
3,62,medicine,9
3,63,medicine,9
3,0,finance,11
3,1,finance,14
3,2,finance,7
3,3,finance,8
3,4,finance,8
3,5,finance,3
3,6,finance,3
3,7,finance,4
3,8,finance,17
3,9,finance,1
3,10,finance,6
3,11,finance,8
3,12,finance,12
3,13,finance,1
3,14,finance,7
3,15,finance,24
3,16,finance,3
3,17,finance,2
3,18,finance,27
3,19,finance,9
3,20,finance,8
3,21,finance,7
3,22,finance,2
3,23,finance,31
3,24,finance,3
3,25,finance,4
3,26,finance,7
3,27,finance,8
3,28,finance,7
3,29,finance,1
3,30,finance,14
3,31,finance,26
3,32,finance,3
3,33,finance,18
3,34,finance,2
3,35,finance,34
3,36,finance,2
3,37,finance,5
3,38,finance,6
3,39,finance,12
3,40,finance,15
3,41,finance,7
3,42,finance,9
3,43,finance,15
3,44,finance,6
3,45,finance,37
3,46,finance,12
3,47,finance,11
3,48,finance,22
3,49,finance,18
3,50,finance,8
3,51,finance,7
3,52,finance,3
3,53,finance,1
3,54,finance,9
3,55,finance,17
3,56,finance,13
3,57,finance,39
3,58,finance,13
3,59,finance,19
3,60,finance,9
3,61,finance,33
3,62,finance,15
3,63,finance,7
3,0,mathematics,10
3,1,mathematics,2
3,2,mathematics,1
3,3,mathematics,7
3,4,mathematics,4
3,5,mathematics,2
3,6,mathematics,3
3,8,mathematics,9
3,9,mathematics,3
3,10,mathematics,7
3,11,mathematics,7
3,12,mathematics,11
3,14,mathematics,7
3,15,mathematics,22
3,18,mathematics,22
3,19,mathematics,9
3,20,mathematics,8
3,21,mathematics,6
3,22,mathematics,1
3,23,mathematics,24
3,24,mathematics,1
3,26,mathematics,2
3,27,mathematics,2
3,28,mathematics,7
3,29,mathematics,2
3,30,mathematics,12
3,31,mathematics,19
3,32,mathematics,5
3,33,mathematics,10
3,34,mathematics,3
3,35,mathematics,41
3,36,mathematics,4
3,37,mathematics,3
3,38,mathematics,3
3,39,mathematics,13
3,40,mathematics,14
3,41,mathematics,2
3,42,mathematics,9
3,43,mathematics,24
3,44,mathematics,6
3,45,mathematics,31
3,46,mathematics,8
3,47,mathematics,2
3,48,mathematics,4
3,49,mathematics,13
3,50,mathematics,4
3,51,mathematics,8
3,52,mathematics,6
3,54,mathematics,8
3,55,mathematics,11
3,56,mathematics,11
3,57,mathematics,23
3,58,mathematics,7
3,59,mathematics,13
3,60,mathematics,1
3,61,mathematics,38
3,62,mathematics,17
3,63,mathematics,8
4,0,physics,5
4,1,physics,1
4,2,physics,9
4,4,physics,1
4,5,physics,18
4,6,physics,9
4,7,physics,11
4,8,physics,14
4,9,physics,2
4,10,physics,5
4,11,physics,11
4,12,physics,7
4,13,physics,4
4,14,physics,13
4,15,physics,1
4,16,physics,10
4,17,physics,67
4,18,physics,2
4,19,physics,5
4,20,physics,4
4,21,physics,23
4,22,physics,2
4,23,physics,15
4,24,physics,8
4,25,physics,11
4,26,physics,1
4,27,physics,14
4,28,physics,9
4,29,physics,23
4,30,physics,4
4,31,physics,4
4,32,physics,14
4,33,physics,38
4,34,physics,8
4,35,physics,15
4,36,physics,8
4,37,physics,10
4,38,physics,13
4,39,physics,1
4,40,physics,1
4,41,physics,4
4,42,physics,7
4,43,physics,6
4,44,physics,16
4,45,physics,1
4,46,physics,55
4,47,physics,18
4,48,physics,28
4,49,physics,20
4,50,physics,3
4,51,physics,1
4,52,physics,4
4,53,physics,1
4,54,physics,1
4,55,physics,8
4,56,physics,15
4,57,physics,5
4,58,physics,12
4,59,physics,10
4,60,physics,8
4,61,physics,1
4,62,physics,25
4,63,physics,10
4,0,computer_science,2
4,1,computer_science,1
4,2,computer_science,10
4,3,computer_science,2
4,4,computer_science,7
4,5,computer_science,22
4,6,computer_science,10
4,7,computer_science,11
4,8,computer_science,21
4,9,computer_science,2
4,10,computer_science,5
4,11,computer_science,2
4,12,computer_science,4
4,13,computer_science,14
4,14,computer_science,14
4,15,computer_science,3
4,16,computer_science,7
4,17,computer_science,53
4,18,computer_science,1
4,19,computer_science,39
4,20,computer_science,8
4,21,computer_science,12
4,22,computer_science,1
4,23,computer_science,17
4,24,computer_science,7
4,25,computer_science,11
4,26,computer_science,1
4,27,computer_science,16
4,28,computer_science,6
4,29,computer_science,5
4,30,computer_science,5
4,31,computer_science,9
4,32,computer_science,4
4,33,computer_science,47
4,34,computer_science,12
4,35,computer_science,12
4,36,computer_science,8
4,37,computer_science,6
4,38,computer_science,12
4,39,computer_science,4
4,41,computer_science,7
4,42,computer_science,8
4,43,computer_science,8
4,44,computer_science,17
4,45,computer_science,2
4,46,computer_science,21
4,47,computer_science,25
4,48,computer_science,30
4,49,computer_science,16
4,50,computer_science,2
4,51,computer_science,3
4,52,computer_science,6
4,53,computer_science,2
4,54,computer_science,6
4,55,computer_science,80
4,56,computer_science,29
4,57,computer_science,6
4,58,computer_science,5
4,59,computer_science,11
4,60,computer_science,7
4,62,computer_science,31
4,63,computer_science,13
4,0,biology,7
4,1,biology,3
4,2,biology,10
4,3,biology,1
4,5,biology,5
4,6,biology,7
4,7,biology,15
4,8,biology,4
4,9,biology,9
4,10,biology,15
4,11,biology,3
4,12,biology,5
4,13,biology,7
4,14,biology,19
4,15,biology,5
4,16,biology,14
4,17,biology,15
4,19,biology,5
4,20,biology,5
4,21,biology,5
4,23,biology,16
4,24,biology,2
4,25,biology,12
4,26,biology,1
4,27,biology,17
4,28,biology,10
4,29,biology,9
4,30,biology,2
4,31,biology,31
4,32,biology,30
4,33,biology,40
4,34,biology,1
4,35,biology,17
4,36,biology,1
4,37,biology,6
4,38,biology,13
4,40,biology,1
4,41,biology,9
4,42,biology,7
4,43,biology,5
4,44,biology,10
4,46,biology,60
4,47,biology,22
4,48,biology,26
4,49,biology,15
4,50,biology,3
4,52,biology,1
4,53,biology,1
4,54,biology,5
4,55,biology,12
4,56,biology,31
4,57,biology,3
4,58,biology,4
4,59,biology,7
4,60,biology,4
4,62,biology,32
4,63,biology,15
4,0,law,34
4,1,law,3
4,2,law,9
4,3,law,48
4,4,law,2
4,5,law,20
4,6,law,7
4,7,law,14
4,8,law,6
4,9,law,1
4,10,law,3
4,11,law,5
4,13,law,11
4,14,law,16
4,15,law,2
4,16,law,13
4,17,law,17
4,19,law,4
4,20,law,13
4,21,law,2
4,23,law,15
4,24,law,1
4,25,law,11
4,27,law,16
4,28,law,4
4,30,law,4
4,31,law,33
4,33,law,36
4,35,law,9
4,36,law,1
4,37,law,11
4,38,law,8
4,39,law,1
4,40,law,1
4,41,law,3
4,42,law,8
4,43,law,16
4,44,law,35
4,45,law,3
4,46,law,5
4,47,law,31
4,48,law,32
4,49,law,21
4,50,law,1
4,52,law,3
4,53,law,2
4,54,law,4
4,55,law,13
4,56,law,25
4,57,law,7
4,58,law,7
4,59,law,11
4,60,law,5
4,62,law,27
4,63,law,16
4,0,history,26
4,2,history,9
4,3,history,14
4,4,history,1
4,5,history,9
4,6,history,6
4,7,history,20
4,9,history,6
4,10,history,13
4,11,history,6
4,12,history,15
4,13,history,13
4,14,history,23
4,15,history,2
4,16,history,22
4,17,history,6
4,19,history,4
4,20,history,1
4,21,history,2
4,22,history,1
4,23,history,12
4,24,history,3
4,25,history,14
4,26,history,3
4,27,history,19
4,28,history,9
4,29,history,5
4,30,history,1
4,31,history,12
4,32,history,3
4,33,history,36
4,34,history,14
4,35,history,17
4,36,history,1
4,37,history,31
4,38,history,6
4,40,history,2
4,41,history,7
4,42,history,6
4,43,history,12
4,44,history,19
4,45,history,3
4,46,history,24
4,47,history,21
4,48,history,25
4,49,history,6
4,50,history,2
4,52,history,4
4,53,history,4
4,54,history,10
4,55,history,11
4,56,history,36
4,57,history,1
4,58,history,5
4,59,history,8
4,60,history,4
4,62,history,29
4,63,history,16
4,0,medicine,4
4,2,medicine,14
4,4,medicine,1
4,5,medicine,7
4,6,medicine,7
4,7,medicine,12
4,8,medicine,7
4,9,medicine,5
4,10,medicine,10
4,11,medicine,2
4,12,medicine,3
4,13,medicine,5
4,14,medicine,15
4,15,medicine,2
4,16,medicine,11
4,17,medicine,2
4,19,medicine,4
4,20,medicine,4
4,21,medicine,6
4,23,medicine,11
4,24,medicine,1
4,25,medicine,12
4,27,medicine,16
4,28,medicine,4
4,29,medicine,9
4,31,medicine,45
4,32,medicine,13
4,33,medicine,37
4,34,medicine,4
4,35,medicine,7
4,36,medicine,2
4,37,medicine,6
4,38,medicine,5
4,41,medicine,8
4,42,medicine,4
4,43,medicine,10
4,44,medicine,8
4,45,medicine,1
4,46,medicine,47
4,47,medicine,31
4,48,medicine,22
4,49,medicine,7
4,50,medicine,2
4,51,medicine,1
4,54,medicine,2
4,55,medicine,14
4,56,medicine,27
4,57,medicine,1
4,58,medicine,2
4,59,medicine,6
4,60,medicine,4
4,62,medicine,27
4,63,medicine,27
4,0,finance,18
4,1,finance,1
4,2,finance,11
4,3,finance,7
4,4,finance,3
4,5,finance,16
4,6,finance,7
4,7,finance,12
4,8,finance,8
4,9,finance,5
4,10,finance,7
4,11,finance,6
4,12,finance,15
4,13,finance,5
4,14,finance,17
4,15,finance,3
4,16,finance,15
4,17,finance,60
4,18,finance,1
4,19,finance,6
4,20,finance,12
4,21,finance,1
4,22,finance,2
4,23,finance,16
4,24,finance,5
4,25,finance,12
4,27,finance,17
4,28,finance,11
4,29,finance,2
4,30,finance,2
4,31,finance,28
4,32,finance,2
4,33,finance,34
4,34,finance,2
4,35,finance,17
4,36,finance,5
4,37,finance,9
4,38,finance,17
4,39,finance,2
4,40,finance,1
4,41,finance,7
4,42,finance,8
4,43,finance,14
4,44,finance,30
4,46,finance,33
4,47,finance,21
4,48,finance,27
4,49,finance,29
4,50,finance,1
4,51,finance,1
4,52,finance,4
4,53,finance,4
4,54,finance,7
4,55,finance,19
4,56,finance,27
4,57,finance,2
4,58,finance,5
4,59,finance,11
4,60,finance,6
4,62,finance,26
4,63,finance,18
4,0,mathematics,9
4,2,mathematics,8
4,3,mathematics,4
4,4,mathematics,1
4,5,mathematics,15
4,6,mathematics,10
4,7,mathematics,12
4,8,mathematics,4
4,11,mathematics,5
4,12,mathematics,7
4,13,mathematics,6
4,14,mathematics,23
4,16,mathematics,6
4,17,mathematics,50
4,19,mathematics,9
4,20,mathematics,3
4,21,mathematics,17
4,23,mathematics,12
4,25,mathematics,13
4,27,mathematics,17
4,28,mathematics,5
4,29,mathematics,1
4,30,mathematics,1
4,31,mathematics,12
4,32,mathematics,7
4,33,mathematics,42
4,34,mathematics,5
4,35,mathematics,7
4,36,mathematics,6
4,37,mathematics,8
4,38,mathematics,12
4,39,mathematics,2
4,40,mathematics,1
4,41,mathematics,3
4,42,mathematics,6
4,43,mathematics,6
4,44,mathematics,27
4,46,mathematics,18
4,47,mathematics,23
4,48,mathematics,30
4,49,mathematics,3
4,52,mathematics,3
4,53,mathematics,1
4,54,mathematics,3
4,55,mathematics,16
4,56,mathematics,28
4,57,mathematics,2
4,59,mathematics,8
4,60,mathematics,3
4,62,mathematics,20
4,63,mathematics,20
5,0,physics,61
5,1,physics,11
5,2,physics,4
5,4,physics,1
5,5,physics,17
5,6,physics,10
5,7,physics,5
5,8,physics,26
5,9,physics,3
5,10,physics,18
5,11,physics,8
5,13,physics,25
5,14,physics,28
5,15,physics,3
5,16,physics,1
5,17,physics,7
5,18,physics,14
5,19,physics,4
5,20,physics,8
5,21,physics,15
5,22,physics,8
5,23,physics,2
5,24,physics,1
5,25,physics,28
5,26,physics,8
5,27,physics,12
5,28,physics,11
5,29,physics,2
5,30,physics,6
5,31,physics,6
5,32,physics,1
5,33,physics,1
5,34,physics,11
5,35,physics,9
5,36,physics,14
5,37,physics,4
5,38,physics,60
5,39,physics,5
5,40,physics,5
5,41,physics,8
5,42,physics,5
5,43,physics,9
5,44,physics,1
5,47,physics,6
5,48,physics,11
5,49,physics,12
5,50,physics,9
5,52,physics,11
5,53,physics,3
5,54,physics,17
5,55,physics,29
5,56,physics,9
5,57,physics,15
5,58,physics,10
5,59,physics,9
5,60,physics,7
5,61,physics,18
5,62,physics,25
5,63,physics,3
5,0,computer_science,37
5,1,computer_science,14
5,2,computer_science,37
5,4,computer_science,2
5,5,computer_science,27
5,6,computer_science,11
5,7,computer_science,5
5,8,computer_science,32
5,9,computer_science,2
5,10,computer_science,17
5,11,computer_science,7
5,12,computer_science,1
5,13,computer_science,28
5,14,computer_science,21
5,15,computer_science,4
5,17,computer_science,11
5,18,computer_science,11
5,19,computer_science,5
5,20,computer_science,7
5,21,computer_science,16
5,22,computer_science,9
5,23,computer_science,2
5,24,computer_science,6
5,25,computer_science,27
5,26,computer_science,9
5,27,computer_science,12
5,28,computer_science,6
5,29,computer_science,54
5,30,computer_science,7
5,31,computer_science,6
5,32,computer_science,2
5,34,computer_science,14
5,35,computer_science,16
5,36,computer_science,28
5,38,computer_science,13
5,39,computer_science,17
5,40,computer_science,5
5,41,computer_science,13
5,42,computer_science,55
5,43,computer_science,6
5,46,computer_science,2
5,48,computer_science,13
5,49,computer_science,1
5,50,computer_science,11
5,51,computer_science,2
5,52,computer_science,13
5,53,computer_science,6
5,54,computer_science,21
5,55,computer_science,24
5,56,computer_science,7
5,57,computer_science,7
5,58,computer_science,11
5,59,computer_science,5
5,60,computer_science,3
5,61,computer_science,24
5,62,computer_science,8
5,63,computer_science,8
5,0,biology,6
5,1,biology,17
5,2,biology,6
5,5,biology,25
5,6,biology,7
5,7,biology,3
5,8,biology,32
5,10,biology,3
5,11,biology,6
5,13,biology,28
5,14,biology,18
5,15,biology,5
5,16,biology,1
5,17,biology,6
5,18,biology,8
5,19,biology,1
5,20,biology,3
5,21,biology,21
5,22,biology,7
5,25,biology,49
5,26,biology,7
5,27,biology,12
5,28,biology,4
5,29,biology,1
5,30,biology,6
5,31,biology,6
5,32,biology,4
5,34,biology,3
5,35,biology,7
5,36,biology,31
5,37,biology,2
5,38,biology,43
5,39,biology,6
5,40,biology,4
5,41,biology,1
5,42,biology,5
5,43,biology,6
5,44,biology,1
5,45,biology,1
5,46,biology,2
5,47,biology,15
5,48,biology,9
5,49,biology,13
5,50,biology,6
5,51,biology,3
5,52,biology,9
5,53,biology,9
5,54,biology,20
5,55,biology,27
5,56,biology,34
5,57,biology,13
5,58,biology,7
5,59,biology,6
5,61,biology,27
5,62,biology,36
5,63,biology,2
5,0,law,2
5,1,law,29
5,2,law,4
5,3,law,2
5,4,law,2
5,5,law,10
5,6,law,6
5,7,law,5
5,8,law,23
5,9,law,5
5,10,law,3
5,11,law,8
5,12,law,2
5,13,law,31
5,14,law,13
5,15,law,8
5,16,law,2
5,17,law,12
5,18,law,10
5,20,law,2
5,21,law,18
5,22,law,8
5,23,law,1
5,24,law,8
5,25,law,2
5,26,law,9
5,27,law,30
5,28,law,4
5,30,law,7
5,31,law,6
5,32,law,11
5,34,law,9
5,35,law,6
5,36,law,29
5,37,law,2
5,38,law,7
5,39,law,28
5,40,law,8
5,41,law,3
5,42,law,3
5,43,law,6
5,44,law,16
5,45,law,5
5,46,law,41
5,47,law,18
5,48,law,21
5,49,law,16
5,50,law,9
5,51,law,1
5,52,law,11
5,53,law,6
5,54,law,18
5,55,law,29
5,56,law,6
5,57,law,13
5,58,law,10
5,59,law,5
5,60,law,1
5,61,law,26
5,62,law,18
5,63,law,2
5,1,history,17
5,2,history,4
5,5,history,11
5,6,history,16
5,7,history,1
5,8,history,15
5,9,history,12
5,10,history,6
5,11,history,9
5,12,history,1
5,13,history,29
5,14,history,3
5,15,history,4
5,16,history,1
5,17,history,6
5,18,history,9
5,19,history,1
5,20,history,6
5,21,history,19
5,22,history,7
5,23,history,4
5,25,history,2
5,26,history,9
5,27,history,30
5,28,history,15
5,29,history,1
5,30,history,5
5,31,history,6
5,32,history,5
5,34,history,3
5,35,history,2
5,36,history,17
5,37,history,6
5,38,history,14
5,39,history,5
5,40,history,10
5,41,history,3
5,42,history,2
5,43,history,18
5,44,history,39
5,45,history,1
5,46,history,15
5,47,history,16
5,48,history,11
5,49,history,40
5,50,history,12
5,52,history,8
5,53,history,7
5,54,history,25
5,55,history,26
5,56,history,8
5,57,history,17
5,58,history,7
5,59,history,6
5,60,history,5
5,61,history,28
5,62,history,25
5,63,history,10
5,1,medicine,14
5,2,medicine,4
5,5,medicine,22
5,6,medicine,7
5,7,medicine,2
5,8,medicine,25
5,9,medicine,2
5,10,medicine,4
5,11,medicine,5
5,13,medicine,26
5,14,medicine,9
5,15,medicine,5
5,17,medicine,7
5,18,medicine,7
5,20,medicine,2
5,21,medicine,19
5,22,medicine,6
5,24,medicine,1
5,25,medicine,39
5,26,medicine,7
5,27,medicine,15
5,28,medicine,2
5,30,medicine,4
5,31,medicine,7
5,32,medicine,3
5,33,medicine,2
5,35,medicine,5
5,36,medicine,26
5,38,medicine,33
5,39,medicine,8
5,40,medicine,4
5,42,medicine,4
5,43,medicine,6
5,45,medicine,2
5,47,medicine,7
5,48,medicine,11
5,49,medicine,3
5,50,medicine,3
5,51,medicine,8
5,52,medicine,7
5,53,medicine,16
5,54,medicine,20
5,55,medicine,27
5,56,medicine,36
5,57,medicine,10
5,58,medicine,6
5,59,medicine,5
5,60,medicine,2
5,61,medicine,23
5,62,medicine,25
5,63,medicine,1
5,0,finance,30
5,1,finance,21
5,2,finance,4
5,3,finance,3
5,4,finance,2
5,5,finance,19
5,6,finance,9
5,7,finance,4
5,8,finance,28
5,10,finance,15
5,11,finance,4
5,13,finance,31
5,14,finance,12
5,15,finance,8
5,17,finance,8
5,18,finance,11
5,19,finance,2
5,20,finance,4
5,21,finance,22
5,22,finance,8
5,23,finance,1
5,24,finance,2
5,25,finance,31
5,26,finance,11
5,27,finance,25
5,28,finance,7
5,29,finance,2
5,30,finance,8
5,31,finance,6
5,32,finance,16
5,34,finance,6
5,35,finance,9
5,36,finance,32
5,37,finance,2
5,38,finance,52
5,39,finance,24
5,40,finance,14
5,41,finance,7
5,42,finance,1
5,43,finance,10
5,44,finance,3
5,46,finance,8
5,47,finance,7
5,48,finance,19
5,49,finance,19
5,50,finance,2
5,51,finance,5
5,52,finance,13
5,53,finance,7
5,54,finance,21
5,55,finance,26
5,56,finance,8
5,57,finance,10
5,58,finance,9
5,59,finance,5
5,60,finance,1
5,61,finance,24
5,62,finance,19
5,63,finance,3
5,0,mathematics,46
5,1,mathematics,24
5,2,mathematics,9
5,4,mathematics,3
5,5,mathematics,10
5,6,mathematics,7
5,7,mathematics,5
5,8,mathematics,18
5,9,mathematics,2
5,10,mathematics,6
5,11,mathematics,9
5,13,mathematics,26
5,14,mathematics,12
5,15,mathematics,6
5,17,mathematics,9
5,18,mathematics,7
5,20,mathematics,2
5,21,mathematics,18
5,22,mathematics,8
5,23,mathematics,1
5,25,mathematics,17
5,26,mathematics,8
5,27,mathematics,21
5,28,mathematics,3
5,29,mathematics,5
5,30,mathematics,6
5,31,mathematics,6
5,34,mathematics,11
5,35,mathematics,3
5,36,mathematics,15
5,37,mathematics,2
5,38,mathematics,27
5,39,mathematics,13
5,40,mathematics,8
5,41,mathematics,8
5,42,mathematics,13
5,43,mathematics,6
5,44,mathematics,2
5,47,mathematics,3
5,48,mathematics,20
5,49,mathematics,4
5,50,mathematics,2
5,51,mathematics,1
5,52,mathematics,9
5,53,mathematics,7
5,54,mathematics,16
5,55,mathematics,23
5,56,mathematics,4
5,57,mathematics,10
5,58,mathematics,8
5,59,mathematics,4
5,60,mathematics,6
5,61,mathematics,20
5,62,mathematics,16
5,63,mathematics,5
6,1,physics,6
6,2,physics,15
6,3,physics,6
6,4,physics,11
6,5,physics,37
6,6,physics,10
6,7,physics,2
6,8,physics,13
6,9,physics,6
6,10,physics,2
6,11,physics,1
6,12,physics,10
6,13,physics,7
6,14,physics,1
6,15,physics,2
6,16,physics,13
6,17,physics,13
6,18,physics,46
6,20,physics,5
6,21,physics,12
6,22,physics,5
6,23,physics,17
6,24,physics,5
6,25,physics,6
6,26,physics,14
6,27,physics,2
6,29,physics,30
6,30,physics,8
6,31,physics,4
6,32,physics,21
6,33,physics,28
6,34,physics,2
6,35,physics,1
6,36,physics,29
6,37,physics,17
6,38,physics,16
6,39,physics,3
6,40,physics,16
6,41,physics,1
6,42,physics,4
6,44,physics,17
6,45,physics,3
6,46,physics,3
6,47,physics,12
6,48,physics,27
6,49,physics,7
6,50,physics,8
6,52,physics,9
6,53,physics,4
6,54,physics,5
6,55,physics,9
6,56,physics,6
6,57,physics,63
6,58,physics,9
6,59,physics,15
6,60,physics,5
6,61,physics,10
6,62,physics,9
6,63,physics,12
6,0,computer_science,2
6,1,computer_science,13
6,2,computer_science,20
6,3,computer_science,16
6,4,computer_science,6
6,5,computer_science,37
6,6,computer_science,10
6,7,computer_science,5
6,8,computer_science,13
6,9,computer_science,8
6,11,computer_science,2
6,12,computer_science,14
6,13,computer_science,7
6,14,computer_science,2
6,15,computer_science,2
6,16,computer_science,7
6,17,computer_science,15
6,18,computer_science,52
6,20,computer_science,19
6,21,computer_science,8
6,22,computer_science,15
6,23,computer_science,21
6,24,computer_science,6
6,25,computer_science,7
6,26,computer_science,10
6,27,computer_science,3
6,29,computer_science,20
6,30,computer_science,3
6,32,computer_science,10
6,33,computer_science,40
6,34,computer_science,2
6,35,computer_science,2
6,36,computer_science,31
6,37,computer_science,7
6,38,computer_science,14
6,39,computer_science,2
6,40,computer_science,17
6,41,computer_science,2
6,42,computer_science,63
6,43,computer_science,3
6,44,computer_science,13
6,45,computer_science,2
6,46,computer_science,4
6,47,computer_science,20
6,48,computer_science,26
6,49,computer_science,7
6,50,computer_science,15
6,51,computer_science,2
6,52,computer_science,20
6,53,computer_science,5
6,54,computer_science,5
6,55,computer_science,13
6,56,computer_science,8
6,57,computer_science,15
6,58,computer_science,14
6,59,computer_science,14
6,60,computer_science,8
6,61,computer_science,15
6,62,computer_science,12
6,63,computer_science,14
6,1,biology,8
6,2,biology,8
6,3,biology,7
6,4,biology,9
6,5,biology,20
6,6,biology,6
6,7,biology,4
6,8,biology,9
6,9,biology,6
6,12,biology,10
6,13,biology,1
6,14,biology,1
6,15,biology,4
6,16,biology,13
6,17,biology,18
6,18,biology,43
6,20,biology,6
6,21,biology,2
6,22,biology,4
6,23,biology,26
6,24,biology,3
6,25,biology,4
6,26,biology,12
6,27,biology,2
6,28,biology,1
6,29,biology,40
6,30,biology,3
6,31,biology,2
6,32,biology,16
6,33,biology,30
6,34,biology,49
6,36,biology,33
6,37,biology,5
6,38,biology,6
6,39,biology,6
6,40,biology,20
6,41,biology,1
6,42,biology,4
6,43,biology,3
6,44,biology,25
6,45,biology,2
6,47,biology,19
6,48,biology,30
6,49,biology,9
6,50,biology,5
6,52,biology,8
6,53,biology,1
6,54,biology,1
6,55,biology,8
6,56,biology,7
6,57,biology,27
6,58,biology,10
6,59,biology,15
6,60,biology,9
6,62,biology,7
6,63,biology,12
6,1,law,6
6,2,law,17
6,3,law,12
6,4,law,12
6,5,law,22
6,6,law,7
6,7,law,12
6,8,law,11
6,9,law,9
6,10,law,3
6,11,law,2
6,12,law,10
6,13,law,7
6,14,law,3
6,15,law,3
6,16,law,2
6,17,law,19
6,18,law,43
6,19,law,4
6,22,law,6
6,23,law,30
6,24,law,10
6,25,law,8
6,26,law,15
6,27,law,3
6,28,law,8
6,29,law,28
6,30,law,3
6,31,law,5
6,32,law,3
6,33,law,44
6,34,law,3
6,35,law,1
6,36,law,32
6,37,law,12
6,38,law,12
6,39,law,8
6,40,law,21
6,42,law,1
6,43,law,10
6,44,law,10
6,45,law,5
6,46,law,5
6,47,law,9
6,48,law,20
6,49,law,9
6,50,law,11
6,51,law,1
6,52,law,3
6,53,law,7
6,54,law,7
6,55,law,10
6,56,law,15
6,57,law,1
6,58,law,8
6,59,law,15
6,60,law,31
6,62,law,10
6,63,law,12
6,0,history,1
6,1,history,6
6,2,history,7
6,3,history,2
6,4,history,12
6,5,history,1
6,6,history,9
6,7,history,4
6,8,history,8
6,9,history,8
6,11,history,1
6,12,history,9
6,13,history,6
6,15,history,8
6,16,history,5
6,17,history,17
6,18,history,38
6,19,history,8
6,20,history,5
6,22,history,2
6,23,history,36
6,24,history,4
6,25,history,6
6,26,history,20
6,27,history,5
6,28,history,40
6,29,history,15
6,30,history,3
6,31,history,4
6,32,history,5
6,33,history,34
6,34,history,5
6,35,history,20
6,36,history,34
6,37,history,9
6,38,history,8
6,39,history,20
6,40,history,23
6,41,history,1
6,42,history,2
6,43,history,4
6,44,history,16
6,45,history,12
6,47,history,4
6,48,history,18
6,49,history,9
6,50,history,9
6,52,history,5
6,53,history,2
6,54,history,16
6,55,history,8
6,56,history,14
6,57,history,1
6,58,history,15
6,59,history,16
6,60,history,20
6,61,history,1
6,62,history,7
6,63,history,12
6,1,medicine,7
6,2,medicine,8
6,3,medicine,5
6,4,medicine,8
6,5,medicine,15
6,6,medicine,6
6,8,medicine,11
6,9,medicine,6
6,12,medicine,7
6,13,medicine,3
6,15,medicine,3
6,16,medicine,9
6,17,medicine,16
6,18,medicine,38
6,19,medicine,3
6,20,medicine,7
6,21,medicine,1
6,22,medicine,4
6,23,medicine,34
6,24,medicine,2
6,25,medicine,4
6,26,medicine,11
6,27,medicine,2
6,29,medicine,27
6,30,medicine,1
6,31,medicine,2
6,32,medicine,7
6,33,medicine,31
6,34,medicine,54
6,35,medicine,3
6,36,medicine,29
6,37,medicine,14
6,38,medicine,5
6,39,medicine,5
6,40,medicine,18
6,42,medicine,3
6,43,medicine,2
6,44,medicine,18
6,46,medicine,1
6,47,medicine,6
6,48,medicine,20
6,49,medicine,7
6,50,medicine,6
6,52,medicine,5
6,54,medicine,1
6,55,medicine,7
6,56,medicine,5
6,57,medicine,9
6,58,medicine,12
6,59,medicine,14
6,60,medicine,5
6,62,medicine,6
6,63,medicine,11
6,1,finance,8
6,2,finance,13
6,3,finance,18
6,4,finance,8
6,5,finance,32
6,6,finance,10
6,7,finance,6
6,8,finance,12
6,9,finance,9
6,11,finance,3
6,12,finance,14
6,13,finance,4
6,14,finance,2
6,15,finance,4
6,16,finance,9
6,17,finance,22
6,18,finance,44
6,19,finance,4
6,20,finance,2
6,22,finance,10
6,23,finance,28
6,24,finance,6
6,25,finance,7
6,26,finance,14
6,27,finance,3
6,28,finance,4
6,29,finance,31
6,30,finance,4
6,31,finance,1
6,32,finance,17
6,33,finance,44
6,34,finance,9
6,35,finance,3
6,36,finance,36
6,37,finance,8
6,38,finance,7
6,39,finance,10
6,40,finance,19
6,41,finance,2
6,42,finance,2
6,43,finance,8
6,44,finance,17
6,45,finance,6
6,46,finance,3
6,47,finance,9
6,48,finance,20
6,49,finance,8
6,50,finance,13
6,52,finance,6
6,53,finance,5
6,54,finance,5
6,55,finance,11
6,56,finance,12
6,57,finance,31
6,58,finance,11
6,59,finance,14
6,60,finance,23
6,61,finance,6
6,62,finance,9
6,63,finance,14
6,1,mathematics,7
6,2,mathematics,10
6,4,mathematics,9
6,5,mathematics,36
6,6,mathematics,6
6,7,mathematics,2
6,8,mathematics,13
6,9,mathematics,7
6,10,mathematics,4
6,11,mathematics,1
6,12,mathematics,8
6,13,mathematics,5
6,15,mathematics,1
6,16,mathematics,6
6,17,mathematics,18
6,18,mathematics,31
6,20,mathematics,7
6,22,mathematics,4
6,23,mathematics,27
6,24,mathematics,6
6,25,mathematics,6
6,26,mathematics,16
6,27,mathematics,2
6,29,mathematics,7
6,31,mathematics,5
6,32,mathematics,11
6,33,mathematics,37
6,34,mathematics,2
6,36,mathematics,32
6,37,mathematics,1
6,38,mathematics,12
6,39,mathematics,1
6,40,mathematics,17
6,41,mathematics,1
6,42,mathematics,11
6,43,mathematics,3
6,44,mathematics,14
6,45,mathematics,2
6,46,mathematics,3
6,47,mathematics,8
6,48,mathematics,14
6,49,mathematics,7
6,50,mathematics,9
6,52,mathematics,15
6,53,mathematics,5
6,54,mathematics,4
6,55,mathematics,9
6,56,mathematics,3
6,57,mathematics,43
6,58,mathematics,13
6,59,mathematics,14
6,60,mathematics,6
6,61,mathematics,1
6,62,mathematics,9
6,63,mathematics,9
7,0,physics,11
7,1,physics,30
7,2,physics,8
7,4,physics,19
7,5,physics,28
7,6,physics,4
7,7,physics,4
7,9,physics,18
7,10,physics,6
7,11,physics,7
7,12,physics,8
7,13,physics,42
7,14,physics,14
7,15,physics,19
7,16,physics,3
7,17,physics,19
7,19,physics,10
7,20,physics,3
7,21,physics,10
7,22,physics,10
7,23,physics,9
7,24,physics,20
7,25,physics,1
7,26,physics,21
7,27,physics,1
7,29,physics,5
7,31,physics,8
7,32,physics,11
7,33,physics,24
7,34,physics,22
7,35,physics,6
7,36,physics,23
7,37,physics,7
7,38,physics,13
7,39,physics,12
7,40,physics,1
7,41,physics,9
7,42,physics,4
7,45,physics,8
7,46,physics,30
7,47,physics,1
7,48,physics,9
7,49,physics,5
7,52,physics,10
7,54,physics,36
7,55,physics,9
7,56,physics,9
7,57,physics,5
7,58,physics,10
7,59,physics,30
7,60,physics,6
7,61,physics,12
7,62,physics,1
7,63,physics,29
7,0,computer_science,20
7,1,computer_science,49
7,2,computer_science,7
7,4,computer_science,22
7,5,computer_science,27
7,6,computer_science,11
7,8,computer_science,2
7,9,computer_science,3
7,10,computer_science,8
7,11,computer_science,6
7,12,computer_science,8
7,13,computer_science,59
7,14,computer_science,13
7,15,computer_science,24
7,16,computer_science,6
7,17,computer_science,51
7,18,computer_science,5
7,19,computer_science,6
7,20,computer_science,9
7,21,computer_science,13
7,22,computer_science,20
7,23,computer_science,9
7,24,computer_science,17
7,25,computer_science,4
7,26,computer_science,25
7,29,computer_science,8
7,31,computer_science,12
7,32,computer_science,13
7,33,computer_science,28
7,34,computer_science,11
7,35,computer_science,5
7,36,computer_science,24
7,37,computer_science,8
7,38,computer_science,5
7,39,computer_science,12
7,40,computer_science,2
7,41,computer_science,12
7,45,computer_science,7
7,46,computer_science,27
7,47,computer_science,2
7,48,computer_science,10
7,49,computer_science,6
7,50,computer_science,4
7,51,computer_science,4
7,52,computer_science,5
7,53,computer_science,4
7,54,computer_science,42
7,55,computer_science,4
7,56,computer_science,9
7,57,computer_science,3
7,58,computer_science,19
7,59,computer_science,37
7,60,computer_science,7
7,61,computer_science,9
7,63,computer_science,5
7,0,biology,17
7,1,biology,39
7,2,biology,8
7,4,biology,7
7,5,biology,29
7,7,biology,9
7,9,biology,15
7,11,biology,3
7,12,biology,8
7,13,biology,53
7,14,biology,11
7,15,biology,14
7,16,biology,4
7,17,biology,2
7,18,biology,2
7,19,biology,9
7,20,biology,6
7,21,biology,10
7,22,biology,7
7,23,biology,7
7,24,biology,23
7,25,biology,13
7,26,biology,32
7,29,biology,1
7,31,biology,10
7,32,biology,5
7,33,biology,23
7,34,biology,5
7,35,biology,7
7,36,biology,23
7,37,biology,7
7,38,biology,10
7,39,biology,12
7,41,biology,7
7,45,biology,9
7,46,biology,30
7,48,biology,7
7,51,biology,1
7,52,biology,7
7,53,biology,2
7,54,biology,41
7,56,biology,7
7,58,biology,8
7,59,biology,35
7,60,biology,4
7,61,biology,10
7,63,biology,41
7,0,law,14
7,1,law,59
7,2,law,7
7,3,law,1
7,4,law,2
7,5,law,21
7,6,law,7
7,7,law,7
7,8,law,4
7,9,law,8
7,10,law,4
7,11,law,43
7,12,law,12
7,13,law,56
7,14,law,12
7,15,law,11
7,16,law,1
7,17,law,1
7,18,law,2
7,19,law,7
7,20,law,3
7,21,law,11
7,22,law,12
7,23,law,9
7,24,law,24
7,26,law,18
7,27,law,5
7,29,law,3
7,31,law,7
7,32,law,7
7,33,law,27
7,34,law,11
7,35,law,4
7,36,law,30
7,37,law,7
7,39,law,12
7,40,law,1
7,41,law,11
7,43,law,5
7,45,law,7
7,46,law,24
7,47,law,1
7,48,law,10
7,49,law,5
7,51,law,6
7,52,law,5
7,53,law,8
7,54,law,41
7,56,law,9
7,57,law,5
7,58,law,7
7,59,law,26
7,60,law,2
7,61,law,12
7,62,law,1
7,63,law,1
7,0,history,19
7,1,history,49
7,2,history,8
7,3,history,1
7,4,history,2
7,5,history,18
7,6,history,2
7,7,history,8
7,9,history,3
7,10,history,1
7,11,history,9
7,12,history,8
7,13,history,57
7,14,history,13
7,15,history,1
7,16,history,10
7,17,history,2
7,18,history,2
7,19,history,8
7,20,history,7
7,21,history,10
7,22,history,8
7,23,history,7
7,24,history,24
7,25,history,1
7,26,history,17
7,29,history,1
7,31,history,14
7,33,history,27
7,35,history,6
7,36,history,34
7,37,history,13
7,39,history,12
7,40,history,3
7,41,history,7
7,42,history,4
7,43,history,53
7,44,history,7
7,45,history,9
7,46,history,20
7,47,history,10
7,48,history,7
7,49,history,2
7,52,history,8
7,53,history,12
7,54,history,38
7,56,history,7
7,58,history,7
7,59,history,19
7,60,history,2
7,61,history,16
7,62,history,1
7,63,history,6
7,0,medicine,19
7,1,medicine,42
7,2,medicine,8
7,4,medicine,7
7,5,medicine,22
7,6,medicine,1
7,7,medicine,1
7,9,medicine,12
7,11,medicine,3
7,12,medicine,7
7,13,medicine,51
7,14,medicine,11
7,15,medicine,12
7,16,medicine,5
7,17,medicine,2
7,19,medicine,8
7,20,medicine,1
7,21,medicine,10
7,22,medicine,4
7,23,medicine,6
7,24,medicine,18
7,25,medicine,12
7,26,medicine,24
7,31,medicine,7
7,32,medicine,4
7,33,medicine,28
7,34,medicine,3
7,35,medicine,5
7,36,medicine,23
7,37,medicine,6
7,38,medicine,5
7,39,medicine,12
7,41,medicine,6
7,43,medicine,1
7,45,medicine,8
7,46,medicine,24
7,48,medicine,6
7,49,medicine,1
7,52,medicine,5
7,53,medicine,3
7,54,medicine,34
7,56,medicine,6
7,58,medicine,9
7,59,medicine,30
7,60,medicine,5
7,61,medicine,8
7,63,medicine,19
7,0,finance,14
7,1,finance,55
7,2,finance,7
7,4,finance,13
7,5,finance,23
7,6,finance,1
7,7,finance,2
7,8,finance,1
7,9,finance,16
7,10,finance,4
7,11,finance,14
7,12,finance,12
7,13,finance,54
7,14,finance,15
7,15,finance,16
7,16,finance,3
7,17,finance,11
7,18,finance,4
7,19,finance,7
7,20,finance,6
7,21,finance,14
7,22,finance,18
7,23,finance,8
7,24,finance,25
7,25,finance,1
7,26,finance,23
7,27,finance,2
7,29,finance,4
7,31,finance,12
7,32,finance,16
7,33,finance,29
7,34,finance,10
7,35,finance,4
7,36,finance,28
7,37,finance,8
7,38,finance,4
7,39,finance,12
7,41,finance,9
7,42,finance,4
7,43,finance,5
7,45,finance,8
7,46,finance,25
7,47,finance,2
7,48,finance,9
7,49,finance,7
7,51,finance,5
7,52,finance,5
7,53,finance,16
7,54,finance,46
7,56,finance,8
7,57,finance,7
7,58,finance,9
7,59,finance,33
7,60,finance,10
7,61,finance,11
7,62,finance,1
7,63,finance,4
7,0,mathematics,20
7,1,mathematics,39
7,2,mathematics,8
7,4,mathematics,19
7,5,mathematics,15
7,7,mathematics,6
7,9,mathematics,2
7,10,mathematics,3
7,11,mathematics,13
7,12,mathematics,8
7,13,mathematics,50
7,14,mathematics,12
7,15,mathematics,6
7,17,mathematics,29
7,19,mathematics,6
7,20,mathematics,3
7,21,mathematics,11
7,22,mathematics,10
7,23,mathematics,8
7,24,mathematics,20
7,26,mathematics,17
7,29,mathematics,2
7,31,mathematics,6
7,32,mathematics,5
7,33,mathematics,26
7,34,mathematics,7
7,35,mathematics,6
7,36,mathematics,30
7,37,mathematics,7
7,38,mathematics,2
7,39,mathematics,12
7,41,mathematics,9
7,43,mathematics,1
7,45,mathematics,7
7,46,mathematics,17
7,48,mathematics,8
7,49,mathematics,3
7,51,mathematics,1
7,52,mathematics,4
7,54,mathematics,37
7,56,mathematics,8
7,57,mathematics,5
7,58,mathematics,10
7,59,mathematics,14
7,60,mathematics,9
7,61,mathematics,13
7,63,mathematics,6
8,0,physics,11
8,1,physics,12
8,2,physics,6
8,3,physics,11
8,4,physics,2
8,5,physics,2
8,6,physics,8
8,7,physics,10
8,8,physics,6
8,9,physics,8
8,10,physics,9
8,11,physics,21
8,12,physics,14
8,13,physics,1
8,14,physics,69
8,16,physics,4
8,17,physics,17
8,18,physics,36
8,20,physics,6
8,21,physics,3
8,22,physics,9
8,23,physics,9
8,24,physics,16
8,25,physics,9
8,26,physics,4
8,28,physics,7
8,29,physics,12
8,30,physics,8
8,31,physics,6
8,32,physics,23
8,33,physics,8
8,34,physics,11
8,35,physics,9
8,36,physics,9
8,37,physics,8
8,38,physics,9
8,40,physics,6
8,41,physics,2
8,42,physics,1
8,43,physics,6
8,44,physics,8
8,45,physics,4
8,46,physics,2
8,47,physics,1
8,48,physics,8
8,49,physics,18
8,50,physics,7
8,51,physics,40
8,52,physics,23
8,53,physics,12
8,54,physics,18
8,55,physics,16
8,56,physics,17
8,57,physics,24
8,58,physics,1
8,59,physics,8
8,60,physics,8
8,61,physics,5
8,62,physics,8
8,63,physics,24
8,0,computer_science,6
8,1,computer_science,14
8,2,computer_science,5
8,3,computer_science,59
8,4,computer_science,9
8,6,computer_science,15
8,7,computer_science,11
8,8,computer_science,4
8,9,computer_science,12
8,10,computer_science,11
8,11,computer_science,12
8,12,computer_science,13
8,13,computer_science,3
8,14,computer_science,37
8,16,computer_science,7
8,17,computer_science,9
8,18,computer_science,38
8,20,computer_science,10
8,21,computer_science,8
8,22,computer_science,10
8,23,computer_science,6
8,24,computer_science,23
8,25,computer_science,6
8,26,computer_science,5
8,27,computer_science,1
8,28,computer_science,11
8,29,computer_science,12
8,30,computer_science,12
8,31,computer_science,5
8,32,computer_science,28
8,33,computer_science,8
8,34,computer_science,8
8,35,computer_science,9
8,36,computer_science,16
8,37,computer_science,13
8,38,computer_science,15
8,40,computer_science,6
8,41,computer_science,2
8,42,computer_science,14
8,43,computer_science,7
8,44,computer_science,16
8,45,computer_science,11
8,46,computer_science,4
8,47,computer_science,5
8,48,computer_science,10
8,49,computer_science,16
8,50,computer_science,12
8,51,computer_science,31
8,52,computer_science,25
8,53,computer_science,7
8,54,computer_science,12
8,55,computer_science,20
8,56,computer_science,3
8,57,computer_science,26
8,58,computer_science,2
8,59,computer_science,9
8,60,computer_science,10
8,61,computer_science,17
8,62,computer_science,12
8,63,computer_science,20
8,0,biology,8
8,1,biology,12
8,2,biology,10
8,3,biology,11
8,4,biology,5
8,6,biology,18
8,7,biology,13
8,8,biology,7
8,9,biology,5
8,10,biology,7
8,11,biology,6
8,12,biology,23
8,13,biology,2
8,14,biology,61
8,16,biology,3
8,17,biology,9
8,18,biology,33
8,19,biology,2
8,20,biology,6
8,21,biology,2
8,22,biology,8
8,23,biology,9
8,24,biology,21
8,25,biology,3
8,28,biology,11
8,29,biology,12
8,30,biology,7
8,31,biology,3
8,32,biology,27
8,33,biology,7
8,34,biology,7
8,35,biology,7
8,36,biology,5
8,37,biology,1
8,38,biology,10
8,40,biology,5
8,41,biology,1
8,42,biology,2
8,43,biology,3
8,44,biology,7
8,46,biology,1
8,47,biology,1
8,48,biology,8
8,49,biology,29
8,50,biology,2
8,51,biology,45
8,52,biology,22
8,53,biology,9
8,54,biology,3
8,55,biology,26
8,56,biology,8
8,57,biology,27
8,58,biology,1
8,59,biology,8
8,60,biology,11
8,61,biology,5
8,62,biology,12
8,63,biology,23
8,0,law,12
8,1,law,12
8,2,law,17
8,3,law,7
8,4,law,6
8,6,law,14
8,7,law,22
8,8,law,13
8,9,law,6
8,10,law,10
8,12,law,12
8,13,law,2
8,14,law,8
8,15,law,1
8,16,law,3
8,17,law,10
8,18,law,39
8,19,law,2
8,20,law,5
8,21,law,4
8,22,law,9
8,23,law,11
8,24,law,11
8,25,law,6
8,26,law,3
8,28,law,8
8,29,law,12
8,30,law,10
8,31,law,6
8,32,law,31
8,33,law,18
8,34,law,12
8,35,law,9
8,36,law,12
8,37,law,1
8,38,law,11
8,40,law,2
8,41,law,4
8,43,law,9
8,44,law,9
8,45,law,1
8,46,law,9
8,47,law,6
8,48,law,10
8,49,law,32
8,50,law,9
8,51,law,54
8,52,law,22
8,53,law,13
8,54,law,2
8,55,law,17
8,56,law,1
8,57,law,23
8,58,law,1
8,59,law,8
8,60,law,12
8,61,law,6
8,62,law,14
8,63,law,17
8,0,history,4
8,1,history,12
8,2,history,20
8,3,history,7
8,4,history,9
8,5,history,4
8,6,history,15
8,7,history,9
8,8,history,13
8,9,history,2
8,10,history,7
8,11,history,2
8,12,history,20
8,13,history,1
8,14,history,13
8,15,history,10
8,16,history,2
8,17,history,11
8,18,history,39
8,19,history,23
8,20,history,2
8,21,history,1
8,22,history,9
8,23,history,14
8,24,history,12
8,25,history,3
8,26,history,12
8,28,history,12
8,29,history,12
8,30,history,7
8,31,history,1
8,32,history,25
8,33,history,9
8,34,history,7
8,35,history,7
8,36,history,10
8,37,history,4
8,38,history,9
8,43,history,4
8,44,history,6
8,45,history,10
8,46,history,1
8,47,history,1
8,48,history,6
8,49,history,29
8,50,history,7
8,51,history,55
8,52,history,19
8,53,history,16
8,55,history,19
8,57,history,18
8,58,history,5
8,59,history,8
8,60,history,12
8,61,history,2
8,62,history,28
8,63,history,15
8,0,medicine,5
8,1,medicine,12
8,2,medicine,12
8,3,medicine,9
8,4,medicine,1
8,6,medicine,8
8,7,medicine,12
8,8,medicine,8
8,10,medicine,6
8,12,medicine,13
8,14,medicine,39
8,16,medicine,3
8,17,medicine,8
8,18,medicine,29
8,20,medicine,1
8,22,medicine,12
8,23,medicine,8
8,24,medicine,11
8,25,medicine,5
8,26,medicine,1
8,28,medicine,9
8,29,medicine,12
8,30,medicine,6
8,31,medicine,2
8,32,medicine,26
8,33,medicine,10
8,34,medicine,7
8,35,medicine,6
8,36,medicine,6
8,37,medicine,5
8,38,medicine,8
8,40,medicine,2
8,42,medicine,1
8,43,medicine,3
8,44,medicine,7
8,45,medicine,7
8,47,medicine,3
8,48,medicine,8
8,49,medicine,25
8,50,medicine,4
8,51,medicine,48
8,52,medicine,21
8,53,medicine,8
8,55,medicine,19
8,56,medicine,4
8,57,medicine,22
8,58,medicine,1
8,59,medicine,8
8,60,medicine,13
8,61,medicine,5
8,62,medicine,16
8,63,medicine,19
8,0,finance,8
8,1,finance,12
8,2,finance,13
8,3,finance,11
8,4,finance,13
8,6,finance,14
8,7,finance,13
8,8,finance,6
8,9,finance,9
8,10,finance,9
8,11,finance,16
8,12,finance,12
8,13,finance,1
8,14,finance,43
8,16,finance,3
8,17,finance,15
8,18,finance,37
8,19,finance,9
8,20,finance,10
8,21,finance,3
8,22,finance,10
8,23,finance,10
8,24,finance,17
8,25,finance,3
8,26,finance,5
8,28,finance,11
8,29,finance,12
8,30,finance,9
8,31,finance,5
8,32,finance,30
8,33,finance,11
8,34,finance,6
8,35,finance,8
8,36,finance,14
8,37,finance,1
8,38,finance,12
8,40,finance,4
8,41,finance,2
8,42,finance,1
8,43,finance,12
8,44,finance,14
8,45,finance,1
8,46,finance,9
8,47,finance,4
8,48,finance,12
8,49,finance,27
8,50,finance,10
8,51,finance,53
8,52,finance,24
8,53,finance,10
8,54,finance,6
8,55,finance,19
8,57,finance,24
8,58,finance,4
8,59,finance,10
8,60,finance,11
8,61,finance,8
8,62,finance,16
8,63,finance,18
8,0,mathematics,4
8,1,mathematics,12
8,2,mathematics,12
8,3,mathematics,11
8,4,mathematics,4
8,6,mathematics,7
8,7,mathematics,10
8,8,mathematics,7
8,9,mathematics,10
8,10,mathematics,8
8,11,mathematics,6
8,12,mathematics,9
8,13,mathematics,3
8,14,mathematics,49
8,15,mathematics,1
8,16,mathematics,4
8,17,mathematics,7
8,18,mathematics,34
8,20,mathematics,2
8,21,mathematics,6
8,22,mathematics,9
8,23,mathematics,10
8,24,mathematics,7
8,25,mathematics,2
8,26,mathematics,2
8,28,mathematics,7
8,29,mathematics,12
8,30,mathematics,9
8,31,mathematics,7
8,32,mathematics,22
8,33,mathematics,10
8,34,mathematics,2
8,35,mathematics,8
8,36,mathematics,8
8,37,mathematics,5
8,38,mathematics,11
8,40,mathematics,3
8,41,mathematics,3
8,43,mathematics,6
8,44,mathematics,6
8,45,mathematics,2
8,46,mathematics,3
8,48,mathematics,5
8,49,mathematics,15
8,50,mathematics,9
8,51,mathematics,31
8,52,mathematics,17
8,53,mathematics,13
8,54,mathematics,24
8,55,mathematics,12
8,57,mathematics,16
8,58,mathematics,3
8,59,mathematics,8
8,60,mathematics,11
8,61,mathematics,4
8,62,mathematics,17
8,63,mathematics,15
9,0,physics,15
9,1,physics,10
9,2,physics,11
9,3,physics,7
9,4,physics,3
9,5,physics,71
9,6,physics,8
9,7,physics,6
9,8,physics,10
9,9,physics,12
9,10,physics,4
9,11,physics,13
9,12,physics,15
9,13,physics,15
9,14,physics,7
9,16,physics,8
9,18,physics,16
9,19,physics,4
9,20,physics,13
9,21,physics,9
9,22,physics,5
9,23,physics,9
9,24,physics,17
9,25,physics,5
9,26,physics,9
9,27,physics,11
9,28,physics,37
9,29,physics,10
9,30,physics,10
9,31,physics,4
9,32,physics,11
9,33,physics,14
9,34,physics,3
9,35,physics,4
9,36,physics,18
9,37,physics,22
9,38,physics,12
9,39,physics,10
9,40,physics,3
9,41,physics,6
9,42,physics,12
9,43,physics,11
9,44,physics,2
9,45,physics,5
9,46,physics,9
9,47,physics,9
9,48,physics,26
9,49,physics,7
9,50,physics,3
9,51,physics,5
9,52,physics,4
9,53,physics,11
9,54,physics,8
9,55,physics,18
9,56,physics,4
9,57,physics,6
9,58,physics,12
9,59,physics,10
9,60,physics,3
9,61,physics,23
9,62,physics,2
9,63,physics,13
9,0,computer_science,13
9,1,computer_science,12
9,2,computer_science,10
9,3,computer_science,5
9,4,computer_science,30
9,5,computer_science,49
9,6,computer_science,12
9,7,computer_science,13
9,8,computer_science,11
9,9,computer_science,6
9,10,computer_science,3
9,11,computer_science,18
9,12,computer_science,18
9,13,computer_science,16
9,14,computer_science,5
9,16,computer_science,9
9,18,computer_science,21
9,19,computer_science,3
9,20,computer_science,21
9,21,computer_science,10
9,22,computer_science,2
9,23,computer_science,12
9,24,computer_science,18
9,25,computer_science,5
9,26,computer_science,2
9,27,computer_science,13
9,28,computer_science,39
9,29,computer_science,10
9,30,computer_science,8
9,31,computer_science,1
9,32,computer_science,7
9,33,computer_science,16
9,34,computer_science,2
9,35,computer_science,1
9,36,computer_science,28
9,37,computer_science,19
9,38,computer_science,7
9,39,computer_science,14
9,40,computer_science,7
9,41,computer_science,3
9,42,computer_science,14
9,43,computer_science,12
9,44,computer_science,9
9,45,computer_science,7
9,46,computer_science,45
9,47,computer_science,21
9,48,computer_science,29
9,49,computer_science,10
9,50,computer_science,7
9,51,computer_science,6
9,52,computer_science,8
9,53,computer_science,14
9,54,computer_science,7
9,55,computer_science,11
9,56,computer_science,4
9,57,computer_science,7
9,58,computer_science,5
9,59,computer_science,10
9,60,computer_science,3
9,61,computer_science,24
9,62,computer_science,2
9,63,computer_science,14
9,0,biology,14
9,1,biology,5
9,2,biology,6
9,3,biology,2
9,4,biology,3
9,5,biology,30
9,6,biology,6
9,7,biology,2
9,8,biology,11
9,9,biology,30
9,10,biology,7
9,11,biology,6
9,12,biology,16
9,13,biology,13
9,14,biology,12
9,16,biology,7
9,18,biology,23
9,19,biology,7
9,20,biology,10
9,21,biology,7
9,22,biology,2
9,23,biology,5
9,24,biology,21
9,26,biology,24
9,27,biology,17
9,28,biology,37
9,29,biology,6
9,30,biology,10
9,31,biology,2
9,32,biology,11
9,33,biology,13
9,34,biology,7
9,35,biology,2
9,36,biology,14
9,37,biology,22
9,38,biology,11
9,39,biology,13
9,40,biology,2
9,41,biology,1
9,42,biology,13
9,43,biology,12
9,45,biology,2
9,46,biology,5
9,47,biology,17
9,48,biology,32
9,49,biology,5
9,50,biology,1
9,51,biology,4
9,52,biology,6
9,53,biology,13
9,54,biology,2
9,55,biology,15
9,56,biology,1
9,57,biology,8
9,58,biology,11
9,59,biology,13
9,61,biology,29
9,62,biology,1
9,63,biology,13
9,0,law,13
9,1,law,10
9,2,law,12
9,3,law,9
9,4,law,1
9,5,law,8
9,6,law,8
9,7,law,3
9,8,law,12
9,9,law,11
9,10,law,1
9,11,law,12
9,12,law,24
9,13,law,16
9,14,law,6
9,16,law,8
9,18,law,27
9,19,law,33
9,20,law,12
9,21,law,10
9,22,law,3
9,23,law,7
9,24,law,23
9,25,law,4
9,26,law,1
9,27,law,16
9,28,law,22
9,29,law,6
9,30,law,7
9,31,law,8
9,32,law,6
9,33,law,12
9,34,law,4
9,35,law,6
9,36,law,15
9,37,law,21
9,38,law,12
9,39,law,12
9,40,law,4
9,41,law,1
9,42,law,13
9,43,law,13
9,44,law,5
9,45,law,7
9,46,law,2
9,47,law,29
9,48,law,23
9,49,law,4
9,51,law,1
9,52,law,8
9,53,law,11
9,54,law,9
9,55,law,18
9,56,law,5
9,57,law,8
9,58,law,11
9,59,law,11
9,60,law,9
9,61,law,33
9,62,law,1
9,63,law,9
9,0,history,14
9,1,history,5
9,2,history,8
9,3,history,2
9,4,history,2
9,5,history,3
9,6,history,6
9,7,history,4
9,8,history,11
9,9,history,10
9,10,history,4
9,11,history,7
9,12,history,16
9,13,history,13
9,14,history,23
9,15,history,1
9,16,history,7
9,17,history,3
9,18,history,36
9,19,history,9
9,20,history,7
9,21,history,7
9,23,history,3
9,24,history,31
9,25,history,1
9,26,history,11
9,27,history,9
9,28,history,20
9,29,history,10
9,30,history,20
9,31,history,19
9,32,history,12
9,33,history,6
9,34,history,6
9,35,history,2
9,36,history,10
9,37,history,22
9,38,history,16
9,39,history,8
9,40,history,5
9,41,history,2
9,42,history,12
9,43,history,17
9,44,history,5
9,45,history,2
9,46,history,2
9,47,history,16
9,48,history,21
9,49,history,5
9,50,history,7
9,51,history,2
9,52,history,7
9,53,history,15
9,55,history,17
9,56,history,1
9,57,history,8
9,58,history,15
9,59,history,13
9,60,history,5
9,61,history,37
9,62,history,1
9,63,history,21
9,0,medicine,9
9,1,medicine,6
9,2,medicine,6
9,4,medicine,2
9,5,medicine,10
9,6,medicine,6
9,7,medicine,4
9,8,medicine,12
9,9,medicine,27
9,10,medicine,2
9,11,medicine,6
9,12,medicine,16
9,13,medicine,12
9,14,medicine,8
9,16,medicine,6
9,18,medicine,29
9,19,medicine,2
9,20,medicine,11
9,21,medicine,6
9,22,medicine,1
9,23,medicine,1
9,24,medicine,17
9,26,medicine,18
9,27,medicine,10
9,28,medicine,30
9,29,medicine,8
9,30,medicine,11
9,31,medicine,1
9,32,medicine,10
9,33,medicine,6
9,34,medicine,7
9,35,medicine,7
9,36,medicine,8
9,37,medicine,19
9,38,medicine,8
9,39,medicine,13
9,40,medicine,3
9,41,medicine,1
9,42,medicine,12
9,43,medicine,11
9,44,medicine,1
9,45,medicine,1
9,46,medicine,4
9,47,medicine,15
9,48,medicine,22
9,49,medicine,5
9,50,medicine,2
9,51,medicine,5
9,52,medicine,4
9,53,medicine,13
9,54,medicine,2
9,55,medicine,14
9,57,medicine,8
9,58,medicine,11
9,59,medicine,11
9,60,medicine,2
9,61,medicine,29
9,63,medicine,13
9,0,finance,11
9,1,finance,10
9,2,finance,10
9,3,finance,4
9,4,finance,2
9,5,finance,56
9,6,finance,10
9,7,finance,2
9,8,finance,12
9,9,finance,19
9,10,finance,4
9,11,finance,14
9,12,finance,19
9,13,finance,15
9,14,finance,7
9,16,finance,8
9,17,finance,2
9,18,finance,25
9,19,finance,12
9,20,finance,13
9,21,finance,9
9,22,finance,2
9,23,finance,10
9,24,finance,27
9,25,finance,4
9,26,finance,4
9,27,finance,18
9,28,finance,38
9,29,finance,8
9,30,finance,12
9,31,finance,8
9,32,finance,8
9,33,finance,14
9,34,finance,4
9,36,finance,19
9,37,finance,22
9,38,finance,11
9,39,finance,13
9,40,finance,6
9,42,finance,14
9,43,finance,13
9,44,finance,4
9,45,finance,5
9,46,finance,5
9,47,finance,23
9,48,finance,27
9,49,finance,9
9,50,finance,1
9,51,finance,2
9,52,finance,4
9,53,finance,16
9,54,finance,10
9,55,finance,17
9,56,finance,4
9,57,finance,8
9,58,finance,8
9,59,finance,12
9,60,finance,6
9,61,finance,28
9,62,finance,1
9,63,finance,11
9,0,mathematics,5
9,1,mathematics,6
9,2,mathematics,7
9,3,mathematics,2
9,4,mathematics,6
9,5,mathematics,54
9,6,mathematics,8
9,7,mathematics,6
9,8,mathematics,10
9,9,mathematics,10
9,11,mathematics,9
9,12,mathematics,20
9,13,mathematics,14
9,14,mathematics,12
9,16,mathematics,8
9,18,mathematics,20
9,19,mathematics,3
9,20,mathematics,9
9,21,mathematics,8
9,22,mathematics,4
9,23,mathematics,10
9,24,mathematics,17
9,25,mathematics,4
9,26,mathematics,2
9,27,mathematics,10
9,28,mathematics,23
9,29,mathematics,7
9,30,mathematics,13
9,31,mathematics,4
9,32,mathematics,7
9,33,mathematics,5
9,34,mathematics,2
9,35,mathematics,2
9,36,mathematics,9
9,37,mathematics,15
9,38,mathematics,11
9,39,mathematics,7
9,40,mathematics,1
9,41,mathematics,1
9,42,mathematics,13
9,43,mathematics,9
9,44,mathematics,1
9,45,mathematics,3
9,46,mathematics,16
9,47,mathematics,13
9,48,mathematics,18
9,49,mathematics,7
9,50,mathematics,2
9,51,mathematics,4
9,52,mathematics,5
9,53,mathematics,10
9,54,mathematics,11
9,55,mathematics,11
9,56,mathematics,6
9,57,mathematics,7
9,58,mathematics,9
9,59,mathematics,9
9,61,mathematics,26
9,63,mathematics,9
10,0,physics,14
10,1,physics,14
10,2,physics,29
10,3,physics,20
10,4,physics,16
10,5,physics,4
10,6,physics,12
10,7,physics,10
10,8,physics,7
10,9,physics,18
10,10,physics,10
10,11,physics,2
10,12,physics,6
10,13,physics,10
10,14,physics,9
10,15,physics,15
10,16,physics,25
10,17,physics,24
10,18,physics,7
10,19,physics,3
10,20,physics,10
10,21,physics,5
10,22,physics,11
10,23,physics,12
10,24,physics,3
10,26,physics,7
10,27,physics,5
10,28,physics,27
10,29,physics,6
10,30,physics,12
10,31,physics,14
10,32,physics,19
10,33,physics,5
10,34,physics,13
10,35,physics,27
10,36,physics,9
10,37,physics,22
10,38,physics,8
10,39,physics,10
10,41,physics,10
10,42,physics,14
10,43,physics,8
10,44,physics,12
10,45,physics,6
10,46,physics,13
10,47,physics,14
10,48,physics,5
10,49,physics,4
10,51,physics,1
10,52,physics,18
10,53,physics,13
10,54,physics,3
10,55,physics,6
10,56,physics,20
10,57,physics,6
10,58,physics,5
10,59,physics,13
10,60,physics,10
10,61,physics,8
10,62,physics,5
10,63,physics,6
10,0,computer_science,9
10,1,computer_science,14
10,2,computer_science,37
10,3,computer_science,16
10,4,computer_science,18
10,5,computer_science,7
10,6,computer_science,12
10,7,computer_science,11
10,8,computer_science,1
10,9,computer_science,25
10,10,computer_science,7
10,11,computer_science,11
10,12,computer_science,6
10,13,computer_science,16
10,14,computer_science,14
10,15,computer_science,15
10,16,computer_science,27
10,17,computer_science,22
10,18,computer_science,5
10,19,computer_science,10
10,20,computer_science,14
10,21,computer_science,5
10,22,computer_science,5
10,23,computer_science,13
10,24,computer_science,10
10,26,computer_science,4
10,27,computer_science,4
10,28,computer_science,25
10,29,computer_science,5
10,30,computer_science,13
10,31,computer_science,16
10,32,computer_science,13
10,33,computer_science,6
10,34,computer_science,18
10,35,computer_science,38
10,36,computer_science,12
10,37,computer_science,19
10,38,computer_science,9
10,39,computer_science,17
10,41,computer_science,9
10,42,computer_science,16
10,43,computer_science,10
10,44,computer_science,19
10,45,computer_science,11
10,46,computer_science,11
10,47,computer_science,15
10,48,computer_science,3
10,49,computer_science,11
10,51,computer_science,4
10,52,computer_science,13
10,53,computer_science,13
10,54,computer_science,2
10,55,computer_science,6
10,56,computer_science,34
10,57,computer_science,8
10,58,computer_science,7
10,59,computer_science,13
10,60,computer_science,6
10,61,computer_science,12
10,62,computer_science,12
10,63,computer_science,4
10,0,biology,12
10,1,biology,16
10,2,biology,32
10,3,biology,15
10,4,biology,15
10,5,biology,3
10,6,biology,12
10,7,biology,4
10,9,biology,19
10,10,biology,6
10,11,biology,6
10,12,biology,6
10,13,biology,15
10,14,biology,13
10,15,biology,18
10,16,biology,17
10,17,biology,25
10,18,biology,5
10,19,biology,4
10,20,biology,19
10,21,biology,2
10,22,biology,7
10,23,biology,11
10,24,biology,5
10,26,biology,3
10,27,biology,2
10,28,biology,35
10,29,biology,5
10,30,biology,12
10,31,biology,23
10,32,biology,14
10,34,biology,10
10,35,biology,33
10,36,biology,11
10,37,biology,21
10,38,biology,7
10,39,biology,6
10,40,biology,1
10,41,biology,3
10,42,biology,14
10,43,biology,9
10,44,biology,14
10,45,biology,4
10,46,biology,9
10,47,biology,14
10,48,biology,4
10,49,biology,3
10,51,biology,2
10,52,biology,13
10,53,biology,12
10,54,biology,9
10,55,biology,4
10,56,biology,7
10,57,biology,11
10,58,biology,4
10,59,biology,14
10,60,biology,9
10,61,biology,6
10,62,biology,4
10,63,biology,1
10,0,law,16
10,1,law,15
10,2,law,20
10,3,law,17
10,4,law,13
10,6,law,12
10,7,law,7
10,8,law,2
10,9,law,14
10,10,law,5
10,11,law,3
10,12,law,6
10,14,law,13
10,15,law,13
10,16,law,18
10,17,law,21
10,18,law,8
10,19,law,3
10,20,law,20
10,21,law,4
10,22,law,24
10,23,law,4
10,24,law,16
10,26,law,7
10,27,law,4
10,28,law,15
10,29,law,10
10,30,law,13
10,31,law,13
10,32,law,21
10,33,law,3
10,34,law,11
10,35,law,37
10,36,law,12
10,37,law,21
10,38,law,8
10,39,law,11
10,41,law,2
10,42,law,14
10,43,law,7
10,44,law,14
10,45,law,3
10,46,law,10
10,47,law,16
10,48,law,5
10,49,law,6
10,50,law,1
10,51,law,6
10,52,law,16
10,53,law,15
10,54,law,8
10,55,law,9
10,56,law,3
10,57,law,7
10,58,law,5
10,59,law,16
10,60,law,10
10,61,law,9
10,62,law,10
10,63,law,4
10,0,history,23
10,1,history,21
10,2,history,2
10,3,history,16
10,4,history,16
10,5,history,10
10,6,history,12
10,7,history,7
10,8,history,8
10,9,history,14
10,10,history,4
10,11,history,2
10,12,history,6
10,13,history,4
10,14,history,16
10,15,history,14
10,16,history,2
10,17,history,20
10,18,history,2
10,19,history,5
10,20,history,19
10,21,history,2
10,22,history,7
10,23,history,7
10,24,history,18
10,26,history,1
10,27,history,2
10,28,history,15
10,29,history,15
10,30,history,12
10,31,history,21
10,32,history,15
10,33,history,1
10,34,history,9
10,35,history,36
10,36,history,12
10,37,history,18
10,38,history,7
10,39,history,7
10,40,history,6
10,41,history,7
10,42,history,12
10,43,history,10
10,44,history,13
10,45,history,10
10,46,history,7
10,47,history,24
10,48,history,5
10,49,history,3
10,51,history,2
10,52,history,13
10,53,history,21
10,54,history,20
10,55,history,5
10,56,history,6
10,57,history,6
10,58,history,4
10,59,history,13
10,60,history,12
10,61,history,5
10,62,history,7
10,63,history,1
10,0,medicine,9
10,1,medicine,16
10,2,medicine,25
10,3,medicine,15
10,4,medicine,17
10,5,medicine,4
10,6,medicine,12
10,7,medicine,2
10,9,medicine,11
10,10,medicine,4
10,11,medicine,3
10,12,medicine,6
10,13,medicine,11
10,14,medicine,14
10,15,medicine,12
10,16,medicine,14
10,17,medicine,19
10,18,medicine,2
10,19,medicine,4
10,20,medicine,19
10,21,medicine,1
10,22,medicine,3
10,23,medicine,12
10,24,medicine,8
10,26,medicine,2
10,28,medicine,28
10,29,medicine,4
10,30,medicine,12
10,31,medicine,18
10,32,medicine,9
10,34,medicine,9
10,35,medicine,34
10,36,medicine,11
10,37,medicine,18
10,38,medicine,6
10,39,medicine,3
10,41,medicine,1
10,42,medicine,10
10,43,medicine,10
10,44,medicine,20
10,45,medicine,2
10,46,medicine,10
10,47,medicine,12
10,48,medicine,6
10,49,medicine,3
10,52,medicine,13
10,53,medicine,11
10,54,medicine,3
10,55,medicine,2
10,56,medicine,6
10,57,medicine,8
10,59,medicine,13
10,60,medicine,8
10,61,medicine,7
10,62,medicine,2
10,0,finance,13
10,1,finance,21
10,2,finance,26
10,3,finance,14
10,4,finance,21
10,5,finance,2
10,6,finance,12
10,7,finance,7
10,8,finance,4
10,9,finance,17
10,10,finance,9
10,11,finance,7
10,12,finance,6
10,13,finance,4
10,14,finance,15
10,15,finance,18
10,16,finance,18
10,17,finance,21
10,18,finance,7
10,19,finance,4
10,20,finance,18
10,21,finance,3
10,22,finance,5
10,23,finance,10
10,24,finance,15
10,25,finance,1
10,26,finance,6
10,27,finance,4
10,28,finance,22
10,29,finance,10
10,30,finance,14
10,31,finance,19
10,32,finance,20
10,33,finance,5
10,34,finance,13
10,35,finance,37
10,36,finance,12
10,37,finance,20
10,38,finance,8
10,39,finance,9
10,41,finance,3
10,42,finance,18
10,43,finance,8
10,44,finance,17
10,45,finance,7
10,46,finance,13
10,47,finance,17
10,48,finance,7
10,49,finance,9
10,50,finance,1
10,51,finance,5
10,52,finance,22
10,53,finance,15
10,54,finance,7
10,55,finance,10
10,56,finance,8
10,57,finance,10
10,58,finance,4
10,59,finance,13
10,60,finance,9
10,61,finance,9
10,62,finance,7
10,63,finance,4
10,0,mathematics,10
10,1,mathematics,13
10,2,mathematics,21
10,3,mathematics,11
10,4,mathematics,14
10,5,mathematics,4
10,6,mathematics,12
10,7,mathematics,8
10,9,mathematics,11
10,10,mathematics,3
10,11,mathematics,7
10,12,mathematics,6
10,13,mathematics,11
10,14,mathematics,12
10,15,mathematics,13
10,16,mathematics,13
10,17,mathematics,16
10,18,mathematics,3
10,19,mathematics,7
10,20,mathematics,19
10,21,mathematics,9
10,22,mathematics,14
10,23,mathematics,4
10,24,mathematics,7
10,26,mathematics,5
10,27,mathematics,3
10,28,mathematics,13
10,29,mathematics,8
10,30,mathematics,12
10,31,mathematics,7
10,32,mathematics,12
10,33,mathematics,5
10,34,mathematics,8
10,35,mathematics,34
10,36,mathematics,5
10,37,mathematics,14
10,38,mathematics,8
10,39,mathematics,6
10,41,mathematics,1
10,42,mathematics,13
10,43,mathematics,11
10,44,mathematics,14
10,45,mathematics,2
10,46,mathematics,8
10,47,mathematics,13
10,48,mathematics,4
10,49,mathematics,2
10,52,mathematics,9
10,53,mathematics,12
10,55,mathematics,6
10,56,mathematics,29
10,57,mathematics,6
10,58,mathematics,3
10,59,mathematics,12
10,60,mathematics,10
10,61,mathematics,8
10,62,mathematics,6
10,63,mathematics,3
11,0,physics,14
11,1,physics,17
11,2,physics,2
11,3,physics,12
11,4,physics,9
11,5,physics,5
11,6,physics,3
11,7,physics,4
11,8,physics,13
11,9,physics,14
11,10,physics,9
11,11,physics,8
11,12,physics,6
11,13,physics,5
11,14,physics,40
11,15,physics,14
11,16,physics,12
11,17,physics,14
11,18,physics,17
11,19,physics,7
11,20,physics,9
11,21,physics,1
11,22,physics,8
11,23,physics,8
11,24,physics,8
11,25,physics,6
11,26,physics,10
11,27,physics,13
11,28,physics,6
11,29,physics,4
11,30,physics,11
11,31,physics,17
11,32,physics,9
11,33,physics,12
11,34,physics,19
11,35,physics,6
11,36,physics,8
11,37,physics,11
11,38,physics,7
11,39,physics,9
11,40,physics,13
11,41,physics,5
11,42,physics,5
11,43,physics,1
11,44,physics,11
11,45,physics,11
11,46,physics,10
11,47,physics,57
11,48,physics,24
11,49,physics,19
11,51,physics,14
11,52,physics,7
11,54,physics,16
11,55,physics,2
11,56,physics,12
11,57,physics,20
11,58,physics,26
11,59,physics,2
11,60,physics,1
11,61,physics,14
11,63,physics,3
11,0,computer_science,9
11,1,computer_science,4
11,2,computer_science,2
11,3,computer_science,10
11,4,computer_science,12
11,5,computer_science,6
11,7,computer_science,9
11,8,computer_science,16
11,9,computer_science,4
11,10,computer_science,10
11,11,computer_science,10
11,12,computer_science,14
11,13,computer_science,70
11,14,computer_science,21
11,15,computer_science,7
11,16,computer_science,17
11,17,computer_science,15
11,18,computer_science,15
11,19,computer_science,6
11,20,computer_science,18
11,21,computer_science,3
11,22,computer_science,10
11,23,computer_science,9
11,24,computer_science,11
11,25,computer_science,1
11,26,computer_science,8
11,27,computer_science,53
11,28,computer_science,8
11,29,computer_science,4
11,30,computer_science,8
11,31,computer_science,20
11,32,computer_science,4
11,33,computer_science,12
11,34,computer_science,14
11,35,computer_science,10
11,36,computer_science,7
11,37,computer_science,8
11,38,computer_science,7
11,39,computer_science,8
11,40,computer_science,15
11,41,computer_science,2
11,42,computer_science,6
11,43,computer_science,4
11,44,computer_science,14
11,45,computer_science,10
11,46,computer_science,14
11,47,computer_science,25
11,48,computer_science,10
11,49,computer_science,23
11,51,computer_science,16
11,52,computer_science,8
11,53,computer_science,1
11,54,computer_science,15
11,55,computer_science,3
11,56,computer_science,12
11,57,computer_science,11
11,58,computer_science,22
11,59,computer_science,1
11,60,computer_science,1
11,61,computer_science,13
11,62,computer_science,3
11,63,computer_science,59
11,0,biology,12
11,1,biology,6
11,2,biology,2
11,3,biology,6
11,4,biology,11
11,6,biology,6
11,7,biology,5
11,8,biology,15
11,9,biology,27
11,10,biology,12
11,11,biology,7
11,12,biology,5
11,13,biology,4
11,14,biology,42
11,15,biology,9
11,16,biology,15
11,17,biology,19
11,18,biology,15
11,19,biology,3
11,20,biology,12
11,21,biology,3
11,22,biology,7
11,24,biology,9
11,26,biology,10
11,27,biology,6
11,28,biology,24
11,30,biology,5
11,31,biology,19
11,32,biology,6
11,33,biology,12
11,34,biology,15
11,35,biology,6
11,36,biology,4
11,37,biology,11
11,38,biology,7
11,39,biology,6
11,40,biology,19
11,41,biology,7
11,42,biology,5
11,44,biology,12
11,45,biology,12
11,46,biology,20
11,47,biology,4
11,48,biology,61
11,49,biology,20
11,50,biology,1
11,51,biology,14
11,52,biology,7
11,54,biology,17
11,56,biology,12
11,57,biology,4
11,58,biology,24
11,60,biology,1
11,61,biology,12
11,63,biology,5
11,0,law,13
11,2,law,4
11,3,law,12
11,4,law,7
11,5,law,7
11,6,law,8
11,7,law,12
11,8,law,14
11,9,law,15
11,10,law,11
11,11,law,8
11,12,law,7
11,13,law,3
11,14,law,37
11,15,law,15
11,16,law,28
11,17,law,13
11,18,law,19
11,19,law,3
11,20,law,10
11,21,law,4
11,22,law,9
11,24,law,13
11,26,law,9
11,27,law,3
11,28,law,22
11,29,law,3
11,30,law,6
11,31,law,17
11,32,law,9
11,33,law,12
11,34,law,19
11,35,law,14
11,36,law,5
11,37,law,12
11,38,law,11
11,39,law,6
11,40,law,27
11,41,law,8
11,42,law,4
11,43,law,1
11,44,law,13
11,45,law,12
11,46,law,8
11,48,law,6
11,49,law,20
11,50,law,29
11,51,law,12
11,52,law,8
11,54,law,19
11,55,law,2
11,56,law,12
11,58,law,22
11,59,law,8
11,60,law,5
11,61,law,16
11,63,law,4
11,0,history,20
11,1,history,1
11,2,history,2
11,3,history,5
11,4,history,9
11,6,history,47
11,7,history,1
11,8,history,14
11,9,history,4
11,10,history,16
11,11,history,13
11,12,history,2
11,13,history,3
11,14,history,28
11,15,history,14
11,16,history,16
11,17,history,16
11,18,history,17
11,19,history,3
11,20,history,10
11,21,history,2
11,22,history,7
11,23,history,2
11,24,history,7
11,26,history,16
11,27,history,5
11,28,history,31
11,30,history,3
11,31,history,19
11,32,history,9
11,33,history,12
11,34,history,15
11,35,history,8
11,36,history,4
11,37,history,11
11,38,history,8
11,39,history,2
11,40,history,36
11,41,history,7
11,42,history,4
11,43,history,5
11,44,history,12
11,45,history,16
11,46,history,5
11,48,history,13
11,49,history,10
11,50,history,23
11,51,history,17
11,52,history,7
11,54,history,12
11,55,history,11
11,56,history,12
11,57,history,1
11,58,history,19
11,59,history,4
11,61,history,21
11,63,history,3
11,0,medicine,10
11,1,medicine,2
11,2,medicine,1
11,3,medicine,1
11,4,medicine,7
11,5,medicine,2
11,6,medicine,3
11,7,medicine,6
11,8,medicine,15
11,9,medicine,28
11,10,medicine,13
11,11,medicine,4
11,12,medicine,5
11,13,medicine,3
11,14,medicine,38
11,15,medicine,8
11,16,medicine,14
11,17,medicine,17
11,18,medicine,11
11,20,medicine,11
11,21,medicine,1
11,22,medicine,6
11,24,medicine,5
11,25,medicine,1
11,26,medicine,9
11,27,medicine,5
11,28,medicine,24
11,29,medicine,1
11,30,medicine,3
11,31,medicine,19
11,32,medicine,4
11,33,medicine,12
11,34,medicine,13
11,35,medicine,7
11,36,medicine,3
11,37,medicine,11
11,38,medicine,7
11,39,medicine,4
11,40,medicine,23
11,41,medicine,2
11,42,medicine,2
11,43,medicine,1
11,44,medicine,12
11,45,medicine,12
11,46,medicine,15
11,47,medicine,2
11,48,medicine,53
11,49,medicine,12
11,51,medicine,12
11,52,medicine,6
11,54,medicine,13
11,56,medicine,12
11,57,medicine,1
11,58,medicine,18
11,61,medicine,11
11,63,medicine,3
11,0,finance,11
11,1,finance,3
11,3,finance,8
11,4,finance,12
11,5,finance,2
11,6,finance,4
11,7,finance,8
11,8,finance,19
11,9,finance,18
11,10,finance,12
11,11,finance,11
11,12,finance,8
11,13,finance,3
11,14,finance,39
11,15,finance,12
11,16,finance,19
11,17,finance,17
11,18,finance,17
11,19,finance,7
11,20,finance,16
11,21,finance,8
11,22,finance,8
11,23,finance,3
11,24,finance,12
11,26,finance,9
11,27,finance,5
11,28,finance,25
11,29,finance,4
11,30,finance,7
11,31,finance,22
11,32,finance,7
11,33,finance,12
11,34,finance,15
11,35,finance,12
11,36,finance,9
11,37,finance,12
11,38,finance,8
11,39,finance,9
11,40,finance,29
11,41,finance,9
11,42,finance,3
11,44,finance,12
11,45,finance,14
11,46,finance,15
11,47,finance,21
11,48,finance,17
11,49,finance,21
11,50,finance,35
11,51,finance,16
11,52,finance,8
11,54,finance,18
11,55,finance,3
11,56,finance,12
11,57,finance,7
11,58,finance,24
11,59,finance,2
11,60,finance,4
11,61,finance,14
11,63,finance,3
11,0,mathematics,11
11,3,mathematics,6
11,4,mathematics,8
11,5,mathematics,2
11,6,mathematics,1
11,7,mathematics,7
11,8,mathematics,14
11,9,mathematics,10
11,10,mathematics,12
11,11,mathematics,5
11,12,mathematics,3
11,13,mathematics,15
11,14,mathematics,26
11,15,mathematics,4
11,16,mathematics,25
11,17,mathematics,9
11,18,mathematics,15
11,19,mathematics,4
11,20,mathematics,11
11,22,mathematics,8
11,23,mathematics,16
11,24,mathematics,8
11,26,mathematics,14
11,27,mathematics,26
11,28,mathematics,14
11,30,mathematics,8
11,31,mathematics,17
11,33,mathematics,12
11,34,mathematics,11
11,35,mathematics,9
11,36,mathematics,5
11,37,mathematics,9
11,38,mathematics,7
11,39,mathematics,6
11,40,mathematics,18
11,41,mathematics,4
11,42,mathematics,1
11,43,mathematics,1
11,44,mathematics,12
11,45,mathematics,7
11,46,mathematics,10
11,47,mathematics,47
11,48,mathematics,6
11,49,mathematics,10
11,50,mathematics,2
11,51,mathematics,17
11,52,mathematics,7
11,54,mathematics,10
11,55,mathematics,2
11,56,mathematics,12
11,57,mathematics,4
11,58,mathematics,14
11,60,mathematics,2
11,61,mathematics,12
11,63,mathematics,4
12,0,physics,12
12,1,physics,11
12,2,physics,21
12,3,physics,5
12,4,physics,14
12,5,physics,2
12,6,physics,12
12,7,physics,13
12,8,physics,5
12,9,physics,9
12,10,physics,16
12,11,physics,22
12,12,physics,3
12,13,physics,7
12,14,physics,16
12,15,physics,9
12,16,physics,4
12,17,physics,6
12,18,physics,7
12,20,physics,5
12,21,physics,14
12,22,physics,17
12,23,physics,16
12,24,physics,4
12,25,physics,7
12,26,physics,6
12,27,physics,5
12,28,physics,7
12,29,physics,9
12,30,physics,2
12,31,physics,6
12,32,physics,11
12,34,physics,12
12,35,physics,51
12,36,physics,7
12,38,physics,7
12,39,physics,5
12,41,physics,4
12,42,physics,3
12,43,physics,74
12,44,physics,11
12,45,physics,21
12,46,physics,13
12,47,physics,6
12,48,physics,14
12,49,physics,12
12,50,physics,23
12,51,physics,12
12,52,physics,22
12,53,physics,10
12,54,physics,12
12,55,physics,6
12,56,physics,10
12,57,physics,7
12,58,physics,11
12,59,physics,8
12,60,physics,5
12,62,physics,11
12,0,computer_science,21
12,1,computer_science,8
12,2,computer_science,16
12,3,computer_science,3
12,4,computer_science,13
12,5,computer_science,1
12,6,computer_science,12
12,7,computer_science,7
12,8,computer_science,48
12,9,computer_science,10
12,10,computer_science,16
12,11,computer_science,1
12,12,computer_science,4
12,13,computer_science,3
12,14,computer_science,12
12,15,computer_science,11
12,16,computer_science,4
12,17,computer_science,6
12,18,computer_science,8
12,20,computer_science,4
12,21,computer_science,10
12,22,computer_science,22
12,23,computer_science,20
12,24,computer_science,1
12,25,computer_science,4
12,27,computer_science,3
12,28,computer_science,9
12,29,computer_science,16
12,30,computer_science,6
12,31,computer_science,51
12,32,computer_science,11
12,33,computer_science,1
12,34,computer_science,9
12,35,computer_science,5
12,36,computer_science,6
12,38,computer_science,66
12,39,computer_science,4
12,41,computer_science,12
12,42,computer_science,1
12,43,computer_science,79
12,44,computer_science,14
12,45,computer_science,23
12,46,computer_science,10
12,47,computer_science,7
12,48,computer_science,24
12,49,computer_science,11
12,50,computer_science,18
12,51,computer_science,17
12,52,computer_science,14
12,53,computer_science,12
12,54,computer_science,12
12,55,computer_science,8
12,56,computer_science,8
12,57,computer_science,11
12,58,computer_science,7
12,59,computer_science,8
12,60,computer_science,1
12,62,computer_science,19
12,0,biology,19
12,1,biology,2
12,2,biology,4
12,3,biology,3
12,4,biology,6
12,5,biology,1
12,6,biology,12
12,7,biology,9
12,8,biology,6
12,9,biology,7
12,10,biology,16
12,11,biology,9
12,12,biology,1
12,13,biology,3
12,14,biology,17
12,15,biology,7
12,16,biology,2
12,17,biology,7
12,18,biology,32
12,20,biology,3
12,21,biology,13
12,22,biology,19
12,23,biology,23
12,24,biology,2
12,25,biology,1
12,26,biology,4
12,27,biology,4
12,28,biology,6
12,29,biology,20
12,30,biology,1
12,31,biology,4
12,32,biology,18
12,34,biology,5
12,35,biology,59
12,36,biology,2
12,37,biology,2
12,38,biology,12
12,39,biology,4
12,41,biology,5
12,42,biology,4
12,43,biology,50
12,44,biology,11
12,45,biology,18
12,46,biology,12
12,47,biology,9
12,48,biology,34
12,49,biology,5
12,50,biology,19
12,51,biology,9
12,52,biology,20
12,53,biology,17
12,54,biology,12
12,55,biology,5
12,56,biology,9
12,57,biology,5
12,58,biology,7
12,59,biology,6
12,61,biology,1
12,62,biology,17
12,0,law,22
12,1,law,3
12,3,law,4
12,4,law,8
12,5,law,5
12,6,law,12
12,7,law,12
12,8,law,6
12,9,law,8
12,10,law,24
12,12,law,3
12,13,law,1
12,14,law,19
12,15,law,10
12,16,law,5
12,17,law,7
12,18,law,25
12,20,law,4
12,21,law,15
12,22,law,19
12,23,law,26
12,24,law,10
12,25,law,3
12,26,law,2
12,27,law,5
12,28,law,5
12,29,law,26
12,31,law,11
12,32,law,11
12,33,law,4
12,34,law,8
12,35,law,1
12,36,law,4
12,37,law,37
12,38,law,10
12,39,law,7
12,40,law,5
12,41,law,7
12,42,law,4
12,43,law,20
12,44,law,12
12,45,law,9
12,46,law,10
12,47,law,12
12,48,law,19
12,49,law,7
12,50,law,23
12,51,law,10
12,52,law,22
12,53,law,17
12,54,law,12
12,56,law,12
12,57,law,3
12,58,law,12
12,59,law,10
12,60,law,2
12,61,law,5
12,62,law,20
12,63,law,21
12,0,history,25
12,1,history,6
12,3,history,3
12,4,history,5
12,5,history,6
12,6,history,12
12,7,history,18
12,8,history,5
12,9,history,7
12,10,history,17
12,12,history,2
12,13,history,2
12,14,history,15
12,15,history,7
12,16,history,1
12,17,history,8
12,18,history,18
12,19,history,22
12,20,history,1
12,21,history,23
12,22,history,18
12,23,history,24
12,24,history,1
12,25,history,2
12,26,history,7
12,27,history,12
12,28,history,7
12,29,history,23
12,30,history,2
12,31,history,5
12,32,history,6
12,33,history,1
12,34,history,11
12,35,history,4
12,36,history,1
12,37,history,51
12,38,history,10
12,39,history,1
12,40,history,36
12,41,history,5
12,43,history,10
12,44,history,15
12,45,history,13
12,46,history,12
12,47,history,10
12,48,history,17
12,49,history,7
12,50,history,19
12,51,history,7
12,52,history,18
12,53,history,14
12,54,history,12
12,56,history,9
12,57,history,2
12,58,history,11
12,59,history,10
12,60,history,1
12,61,history,2
12,62,history,19
12,63,history,2
12,0,medicine,18
12,1,medicine,3
12,2,medicine,1
12,4,medicine,5
12,6,medicine,12
12,7,medicine,8
12,8,medicine,5
12,9,medicine,6
12,10,medicine,13
12,11,medicine,10
12,12,medicine,1
12,13,medicine,1
12,14,medicine,14
12,15,medicine,6
12,17,medicine,6
12,18,medicine,34
12,20,medicine,4
12,21,medicine,10
12,22,medicine,19
12,23,medicine,24
12,24,medicine,1
12,25,medicine,1
12,27,medicine,1
12,28,medicine,7
12,29,medicine,19
12,30,medicine,1
12,31,medicine,4
12,32,medicine,19
12,34,medicine,6
12,35,medicine,51
12,36,medicine,1
12,38,medicine,12
12,39,medicine,2
12,41,medicine,7
12,42,medicine,3
12,43,medicine,23
12,44,medicine,11
12,45,medicine,15
12,46,medicine,9
12,47,medicine,9
12,48,medicine,22
12,49,medicine,4
12,50,medicine,16
12,51,medicine,10
12,52,medicine,15
12,53,medicine,11
12,54,medicine,12
12,55,medicine,7
12,56,medicine,8
12,57,medicine,4
12,58,medicine,9
12,59,medicine,7
12,62,medicine,17
12,0,finance,27
12,1,finance,8
12,2,finance,11
12,3,finance,6
12,4,finance,10
12,5,finance,1
12,6,finance,12
12,7,finance,9
12,8,finance,6
12,9,finance,9
12,10,finance,22
12,12,finance,2
12,13,finance,3
12,14,finance,16
12,15,finance,9
12,16,finance,6
12,17,finance,7
12,18,finance,24
12,19,finance,4
12,20,finance,7
12,21,finance,14
12,22,finance,23
12,23,finance,26
12,24,finance,7
12,25,finance,2
12,26,finance,3
12,27,finance,3
12,28,finance,8
12,29,finance,21
12,30,finance,2
12,31,finance,12
12,32,finance,16
12,34,finance,7
12,35,finance,6
12,36,finance,4
12,37,finance,21
12,38,finance,9
12,39,finance,4
12,40,finance,4
12,41,finance,11
12,42,finance,1
12,43,finance,67
12,44,finance,14
12,45,finance,13
12,46,finance,13
12,47,finance,7
12,48,finance,22
12,49,finance,12
12,50,finance,23
12,51,finance,12
12,52,finance,17
12,53,finance,17
12,54,finance,12
12,55,finance,2
12,56,finance,11
12,57,finance,6
12,58,finance,11
12,59,finance,9
12,60,finance,3
12,61,finance,3
12,62,finance,15
12,63,finance,28
12,0,mathematics,14
12,1,mathematics,8
12,2,mathematics,6
12,3,mathematics,5
12,4,mathematics,9
12,5,mathematics,2
12,6,mathematics,12
12,7,mathematics,12
12,8,mathematics,5
12,9,mathematics,10
12,10,mathematics,16
12,12,mathematics,1
12,13,mathematics,2
12,14,mathematics,13
12,15,mathematics,9
12,16,mathematics,4
12,17,mathematics,6
12,18,mathematics,2
12,20,mathematics,2
12,21,mathematics,13
12,22,mathematics,17
12,23,mathematics,25
12,24,mathematics,1
12,25,mathematics,1
12,26,mathematics,1
12,27,mathematics,1
12,28,mathematics,6
12,29,mathematics,15
12,30,mathematics,2
12,31,mathematics,19
12,32,mathematics,11
12,34,mathematics,5
12,35,mathematics,1
12,36,mathematics,3
12,37,mathematics,7
12,38,mathematics,24
12,39,mathematics,4
12,40,mathematics,2
12,41,mathematics,1
12,43,mathematics,61
12,44,mathematics,15
12,45,mathematics,20
12,46,mathematics,13
12,47,mathematics,5
12,48,mathematics,13
12,49,mathematics,8
12,50,mathematics,16
12,51,mathematics,9
12,52,mathematics,12
12,53,mathematics,11
12,54,mathematics,12
12,55,mathematics,7
12,56,mathematics,9
12,57,mathematics,5
12,58,mathematics,13
12,59,mathematics,10
12,60,mathematics,1
12,62,mathematics,22
12,63,mathematics,1
13,0,physics,11
13,1,physics,14
13,2,physics,12
13,3,physics,16
13,4,physics,4
13,5,physics,22
13,6,physics,2
13,7,physics,1
13,8,physics,15
13,9,physics,14
13,10,physics,10
13,11,physics,4
13,12,physics,5
13,13,physics,3
13,14,physics,16
13,15,physics,12
13,16,physics,13
13,17,physics,1
13,18,physics,7
13,19,physics,58
13,20,physics,67
13,21,physics,1
13,22,physics,15
13,23,physics,4
13,24,physics,4
13,25,physics,11
13,26,physics,5
13,27,physics,10
13,28,physics,7
13,29,physics,2
13,30,physics,9
13,31,physics,18
13,32,physics,25
13,33,physics,10
13,34,physics,10
13,35,physics,15
13,36,physics,17
13,37,physics,9
13,38,physics,18
13,39,physics,10
13,40,physics,5
13,41,physics,20
13,43,physics,7
13,44,physics,5
13,45,physics,10
13,46,physics,5
13,47,physics,5
13,48,physics,13
13,49,physics,12
13,50,physics,9
13,51,physics,3
13,53,physics,1
13,54,physics,6
13,55,physics,14
13,56,physics,2
13,57,physics,15
13,58,physics,12
13,59,physics,2
13,60,physics,1
13,61,physics,13
13,62,physics,3
13,63,physics,10
13,0,computer_science,13
13,1,computer_science,16
13,2,computer_science,36
13,3,computer_science,20
13,4,computer_science,10
13,5,computer_science,23
13,6,computer_science,73
13,8,computer_science,10
13,9,computer_science,14
13,10,computer_science,10
13,11,computer_science,71
13,12,computer_science,5
13,13,computer_science,5
13,14,computer_science,4
13,15,computer_science,13
13,16,computer_science,8
13,17,computer_science,2
13,18,computer_science,10
13,19,computer_science,10
13,20,computer_science,18
13,21,computer_science,4
13,22,computer_science,19
13,23,computer_science,5
13,24,computer_science,7
13,25,computer_science,31
13,26,computer_science,3
13,27,computer_science,11
13,28,computer_science,7
13,30,computer_science,7
13,31,computer_science,27
13,32,computer_science,21
13,33,computer_science,3
13,34,computer_science,13
13,35,computer_science,14
13,36,computer_science,15
13,37,computer_science,6
13,38,computer_science,14
13,39,computer_science,10
13,40,computer_science,2
13,41,computer_science,15
13,43,computer_science,2
13,44,computer_science,1
13,45,computer_science,10
13,46,computer_science,1
13,47,computer_science,2
13,48,computer_science,8
13,49,computer_science,9
13,50,computer_science,8
13,51,computer_science,5
13,54,computer_science,7
13,55,computer_science,15
13,56,computer_science,3
13,57,computer_science,21
13,58,computer_science,12
13,59,computer_science,1
13,61,computer_science,26
13,62,computer_science,30
13,63,computer_science,2
13,0,biology,4
13,1,biology,15
13,2,biology,8
13,3,biology,11
13,4,biology,4
13,5,biology,25
13,6,biology,5
13,8,biology,17
13,9,biology,15
13,10,biology,8
13,11,biology,4
13,12,biology,1
13,13,biology,6
13,14,biology,10
13,15,biology,14
13,16,biology,11
13,17,biology,19
13,18,biology,3
13,19,biology,35
13,20,biology,59
13,21,biology,2
13,22,biology,25
13,23,biology,3
13,24,biology,2
13,25,biology,12
13,26,biology,2
13,27,biology,1
13,28,biology,3
13,30,biology,3
13,31,biology,27
13,32,biology,24
13,33,biology,4
13,34,biology,13
13,35,biology,15
13,36,biology,26
13,37,biology,4
13,38,biology,9
13,39,biology,14
13,40,biology,2
13,41,biology,17
13,43,biology,1
13,44,biology,1
13,45,biology,7
13,46,biology,5
13,48,biology,12
13,49,biology,20
13,50,biology,6
13,51,biology,5
13,53,biology,1
13,54,biology,6
13,55,biology,13
13,56,biology,1
13,57,biology,34
13,58,biology,8
13,59,biology,9
13,60,biology,16
13,61,biology,6
13,62,biology,4
13,63,biology,3
13,0,law,6
13,1,law,14
13,2,law,7
13,3,law,11
13,4,law,5
13,5,law,29
13,6,law,6
13,7,law,6
13,8,law,20
13,9,law,20
13,10,law,14
13,11,law,6
13,12,law,5
13,13,law,35
13,14,law,14
13,15,law,31
13,16,law,19
13,17,law,1
13,18,law,6
13,19,law,5
13,20,law,5
13,21,law,10
13,22,law,21
13,23,law,5
13,24,law,2
13,25,law,11
13,26,law,3
13,28,law,5
13,30,law,7
13,31,law,23
13,32,law,15
13,33,law,5
13,34,law,10
13,35,law,17
13,36,law,20
13,37,law,5
13,38,law,17
13,39,law,12
13,40,law,6
13,41,law,22
13,42,law,1
13,44,law,8
13,45,law,11
13,46,law,15
13,47,law,3
13,48,law,21
13,49,law,20
13,50,law,6
13,51,law,4
13,52,law,1
13,54,law,6
13,55,law,11
13,56,law,6
13,57,law,27
13,58,law,11
13,59,law,5
13,60,law,13
13,61,law,3
13,62,law,3
13,0,history,5
13,1,history,13
13,2,history,8
13,3,history,13
13,4,history,5
13,5,history,25
13,6,history,4
13,7,history,10
13,8,history,16
13,9,history,28
13,10,history,8
13,11,history,1
13,12,history,4
13,13,history,14
13,14,history,31
13,15,history,11
13,16,history,10
13,18,history,2
13,19,history,5
13,20,history,5
13,21,history,4
13,22,history,20
13,23,history,2
13,24,history,3
13,25,history,12
13,26,history,1
13,27,history,1
13,28,history,3
13,29,history,5
13,30,history,6
13,31,history,11
13,32,history,14
13,33,history,4
13,34,history,15
13,35,history,23
13,36,history,23
13,37,history,3
13,38,history,11
13,39,history,27
13,40,history,1
13,41,history,16
13,43,history,4
13,44,history,4
13,45,history,8
13,46,history,23
13,48,history,37
13,49,history,10
13,50,history,6
13,51,history,6
13,52,history,26
13,54,history,6
13,55,history,14
13,56,history,21
13,57,history,17
13,58,history,8
13,59,history,3
13,60,history,2
13,61,history,10
13,62,history,5
13,63,history,7
13,0,medicine,3
13,1,medicine,15
13,2,medicine,8
13,3,medicine,13
13,4,medicine,7
13,5,medicine,24
13,6,medicine,2
13,8,medicine,12
13,9,medicine,17
13,10,medicine,7
13,11,medicine,7
13,12,medicine,1
13,13,medicine,7
13,14,medicine,5
13,15,medicine,15
13,16,medicine,24
13,17,medicine,10
13,18,medicine,4
13,19,medicine,17
13,20,medicine,47
13,21,medicine,2
13,22,medicine,21
13,23,medicine,1
13,24,medicine,1
13,25,medicine,11
13,26,medicine,1
13,28,medicine,5
13,30,medicine,1
13,31,medicine,17
13,32,medicine,21
13,33,medicine,2
13,34,medicine,13
13,35,medicine,10
13,36,medicine,12
13,37,medicine,2
13,38,medicine,13
13,39,medicine,14
13,40,medicine,1
13,41,medicine,15
13,43,medicine,1
13,44,medicine,1
13,45,medicine,7
13,46,medicine,6
13,48,medicine,11
13,49,medicine,17
13,50,medicine,4
13,51,medicine,5
13,53,medicine,2
13,54,medicine,6
13,55,medicine,14
13,56,medicine,1
13,57,medicine,26
13,58,medicine,6
13,59,medicine,3
13,60,medicine,18
13,61,medicine,4
13,62,medicine,4
13,0,finance,11
13,1,finance,18
13,2,finance,7
13,3,finance,11
13,4,finance,5
13,5,finance,25
13,6,finance,2
13,7,finance,4
13,8,finance,16
13,9,finance,21
13,10,finance,16
13,11,finance,7
13,12,finance,8
13,13,finance,17
13,14,finance,11
13,15,finance,16
13,16,finance,21
13,17,finance,3
13,18,finance,7
13,19,finance,18
13,20,finance,56
13,21,finance,7
13,22,finance,21
13,23,finance,3
13,24,finance,5
13,25,finance,11
13,26,finance,1
13,27,finance,10
13,28,finance,7
13,29,finance,3
13,30,finance,10
13,31,finance,30
13,32,finance,13
13,33,finance,10
13,34,finance,15
13,35,finance,16
13,36,finance,24
13,37,finance,9
13,38,finance,15
13,39,finance,12
13,40,finance,3
13,41,finance,18
13,43,finance,6
13,44,finance,2
13,45,finance,12
13,46,finance,3
13,47,finance,1
13,48,finance,24
13,49,finance,20
13,50,finance,5
13,51,finance,8
13,52,finance,8
13,54,finance,6
13,55,finance,11
13,56,finance,3
13,57,finance,34
13,58,finance,15
13,59,finance,4
13,60,finance,6
13,61,finance,2
13,62,finance,6
13,63,finance,1
13,0,mathematics,9
13,1,mathematics,12
13,2,mathematics,15
13,3,mathematics,17
13,4,mathematics,5
13,5,mathematics,22
13,6,mathematics,6
13,7,mathematics,1
13,8,mathematics,13
13,9,mathematics,17
13,10,mathematics,7
13,11,mathematics,16
13,12,mathematics,6
13,13,mathematics,7
13,14,mathematics,13
13,15,mathematics,12
13,16,mathematics,9
13,18,mathematics,2
13,19,mathematics,21
13,20,mathematics,46
13,21,mathematics,5
13,22,mathematics,14
13,24,mathematics,2
13,25,mathematics,15
13,26,mathematics,2
13,27,mathematics,4
13,28,mathematics,2
13,30,mathematics,8
13,31,mathematics,18
13,32,mathematics,26
13,33,mathematics,4
13,34,mathematics,11
13,35,mathematics,16
13,36,mathematics,10
13,37,mathematics,4
13,38,mathematics,17
13,39,mathematics,14
13,40,mathematics,1
13,41,mathematics,14
13,43,mathematics,2
13,44,mathematics,1
13,45,mathematics,10
13,46,mathematics,6
13,47,mathematics,2
13,48,mathematics,13
13,49,mathematics,8
13,50,mathematics,3
13,51,mathematics,4
13,52,mathematics,1
13,54,mathematics,6
13,55,mathematics,14
13,56,mathematics,1
13,57,mathematics,15
13,58,mathematics,7
13,60,mathematics,2
13,61,mathematics,16
13,62,mathematics,6
14,0,physics,6
14,1,physics,12
14,2,physics,10
14,4,physics,5
14,5,physics,2
14,6,physics,14
14,7,physics,11
14,8,physics,5
14,9,physics,13
14,10,physics,14
14,11,physics,12
14,12,physics,11
14,14,physics,8
14,15,physics,18
14,16,physics,16
14,17,physics,14
14,18,physics,7
14,19,physics,6
14,20,physics,14
14,21,physics,12
14,22,physics,15
14,23,physics,22
14,24,physics,6
14,25,physics,4
14,27,physics,2
14,28,physics,3
14,29,physics,5
14,30,physics,5
14,31,physics,9
14,32,physics,15
14,33,physics,33
14,34,physics,12
14,35,physics,10
14,36,physics,9
14,37,physics,14
14,38,physics,26
14,39,physics,11
14,40,physics,8
14,41,physics,22
14,42,physics,13
14,43,physics,1
14,44,physics,19
14,45,physics,8
14,46,physics,24
14,47,physics,8
14,48,physics,24
14,49,physics,3
14,50,physics,2
14,51,physics,3
14,52,physics,6
14,53,physics,12
14,54,physics,11
14,56,physics,9
14,57,physics,8
14,58,physics,9
14,59,physics,6
14,60,physics,13
14,61,physics,3
14,62,physics,41
14,63,physics,16
14,0,computer_science,5
14,1,computer_science,10
14,2,computer_science,5
14,4,computer_science,2
14,5,computer_science,1
14,6,computer_science,79
14,7,computer_science,14
14,8,computer_science,3
14,9,computer_science,13
14,10,computer_science,13
14,11,computer_science,14
14,12,computer_science,7
14,13,computer_science,4
14,15,computer_science,21
14,16,computer_science,12
14,17,computer_science,13
14,18,computer_science,3
14,19,computer_science,5
14,20,computer_science,19
14,22,computer_science,14
14,23,computer_science,19
14,24,computer_science,11
14,25,computer_science,1
14,26,computer_science,3
14,27,computer_science,1
14,28,computer_science,70
14,29,computer_science,11
14,30,computer_science,4
14,31,computer_science,5
14,32,computer_science,1
14,33,computer_science,8
14,34,computer_science,13
14,35,computer_science,5
14,36,computer_science,76
14,37,computer_science,8
14,38,computer_science,24
14,39,computer_science,20
14,40,computer_science,4
14,41,computer_science,19
14,42,computer_science,13
14,43,computer_science,6
14,44,computer_science,14
14,45,computer_science,11
14,46,computer_science,25
14,47,computer_science,10
14,48,computer_science,12
14,52,computer_science,7
14,53,computer_science,15
14,54,computer_science,10
14,56,computer_science,6
14,57,computer_science,14
14,58,computer_science,32
14,60,computer_science,14
14,61,computer_science,2
14,62,computer_science,5
14,63,computer_science,12
14,0,biology,4
14,1,biology,14
14,2,biology,1
14,3,biology,2
14,4,biology,4
14,5,biology,5
14,6,biology,9
14,7,biology,12
14,8,biology,12
14,9,biology,12
14,10,biology,5
14,11,biology,12
14,12,biology,10
14,13,biology,1
14,14,biology,3
14,15,biology,28
14,16,biology,16
14,17,biology,10
14,18,biology,3
14,19,biology,3
14,20,biology,18
14,21,biology,1
14,22,biology,16
14,23,biology,29
14,24,biology,5
14,25,biology,3
14,27,biology,1
14,28,biology,6
14,29,biology,8
14,30,biology,45
14,31,biology,5
14,32,biology,10
14,33,biology,66
14,34,biology,16
14,35,biology,2
14,36,biology,5
14,37,biology,13
14,38,biology,26
14,39,biology,3
14,40,biology,7
14,41,biology,17
14,42,biology,12
14,43,biology,2
14,44,biology,18
14,45,biology,7
14,46,biology,29
14,47,biology,4
14,48,biology,11
14,50,biology,1
14,51,biology,2
14,53,biology,15
14,54,biology,5
14,56,biology,2
14,57,biology,7
14,58,biology,8
14,60,biology,16
14,62,biology,18
14,63,biology,15
14,0,law,5
14,1,law,3
14,2,law,5
14,3,law,6
14,4,law,11
14,5,law,5
14,6,law,8
14,7,law,8
14,8,law,6
14,9,law,12
14,10,law,9
14,11,law,12
14,12,law,8
14,13,law,1
14,14,law,34
14,15,law,21
14,16,law,18
14,17,law,13
14,18,law,5
14,19,law,7
14,20,law,14
14,22,law,17
14,23,law,14
14,24,law,4
14,25,law,5
14,26,law,2
14,27,law,4
14,28,law,8
14,29,law,6
14,30,law,11
14,31,law,7
14,32,law,42
14,33,law,5
14,34,law,19
14,35,law,6
14,36,law,3
14,37,law,11
14,38,law,21
14,39,law,6
14,40,law,10
14,41,law,26
14,42,law,12
14,43,law,22
14,44,law,18
14,45,law,10
14,46,law,23
14,47,law,4
14,48,law,15
14,50,law,2
14,51,law,6
14,53,law,14
14,54,law,6
14,55,law,21
14,56,law,6
14,57,law,9
14,58,law,8
14,59,law,3
14,60,law,15
14,62,law,2
14,63,law,22
14,0,history,3
14,1,history,6
14,2,history,25
14,3,history,28
14,4,history,6
14,5,history,6
14,6,history,6
14,7,history,6
14,9,history,12
14,10,history,5
14,11,history,12
14,12,history,7
14,13,history,1
14,14,history,20
14,15,history,20
14,16,history,16
14,17,history,11
14,18,history,6
14,19,history,3
14,20,history,19
14,22,history,19
14,23,history,20
14,24,history,5
14,26,history,1
14,27,history,2
14,28,history,3
14,29,history,6
14,30,history,5
14,31,history,5
14,32,history,2
14,33,history,7
14,34,history,14
14,35,history,1
14,36,history,4
14,37,history,32
14,38,history,23
14,39,history,3
14,40,history,13
14,41,history,24
14,42,history,12
14,43,history,18
14,44,history,18
14,45,history,7
14,46,history,17
14,47,history,3
14,48,history,11
14,49,history,19
14,50,history,4
14,52,history,2
14,53,history,17
14,54,history,5
14,55,history,33
14,56,history,1
14,57,history,9
14,58,history,8
14,59,history,12
14,60,history,18
14,62,history,3
14,63,history,16
14,0,medicine,1
14,1,medicine,6
14,4,medicine,1
14,5,medicine,6
14,6,medicine,8
14,7,medicine,10
14,8,medicine,6
14,9,medicine,11
14,10,medicine,3
14,11,medicine,12
14,12,medicine,11
14,13,medicine,1
14,14,medicine,2
14,15,medicine,20
14,16,medicine,13
14,17,medicine,10
14,19,medicine,2
14,20,medicine,18
14,21,medicine,1
14,22,medicine,17
14,23,medicine,20
14,24,medicine,5
14,25,medicine,8
14,26,medicine,1
14,28,medicine,5
14,29,medicine,9
14,30,medicine,54
14,31,medicine,2
14,32,medicine,4
14,33,medicine,55
14,34,medicine,12
14,35,medicine,1
14,36,medicine,3
14,37,medicine,12
14,38,medicine,21
14,39,medicine,6
14,40,medicine,2
14,41,medicine,19
14,42,medicine,12
14,43,medicine,3
14,44,medicine,16
14,45,medicine,6
14,46,medicine,20
14,47,medicine,4
14,48,medicine,9
14,52,medicine,1
14,53,medicine,15
14,54,medicine,5
14,56,medicine,1
14,57,medicine,7
14,58,medicine,7
14,60,medicine,15
14,62,medicine,8
14,63,medicine,17
14,0,finance,9
14,1,finance,5
14,2,finance,5
14,3,finance,4
14,4,finance,8
14,6,finance,13
14,7,finance,10
14,8,finance,4
14,9,finance,12
14,10,finance,12
14,11,finance,12
14,12,finance,8
14,14,finance,21
14,15,finance,20
14,16,finance,19
14,17,finance,17
14,18,finance,9
14,19,finance,7
14,20,finance,21
14,21,finance,1
14,22,finance,19
14,23,finance,33
14,24,finance,4
14,25,finance,3
14,26,finance,2
14,27,finance,4
14,28,finance,9
14,29,finance,10
14,30,finance,10
14,31,finance,11
14,32,finance,11
14,33,finance,18
14,34,finance,17
14,35,finance,5
14,36,finance,2
14,37,finance,16
14,38,finance,27
14,39,finance,7
14,40,finance,15
14,41,finance,23
14,42,finance,12
14,43,finance,50
14,44,finance,19
14,45,finance,9
14,46,finance,30
14,47,finance,7
14,48,finance,11
14,49,finance,2
14,50,finance,4
14,51,finance,5
14,52,finance,3
14,53,finance,15
14,54,finance,10
14,55,finance,11
14,56,finance,2
14,57,finance,10
14,58,finance,8
14,59,finance,3
14,60,finance,13
14,61,finance,5
14,62,finance,9
14,63,finance,19
14,0,mathematics,3
14,1,mathematics,5
14,2,mathematics,7
14,3,mathematics,2
14,4,mathematics,5
14,5,mathematics,4
14,6,mathematics,52
14,7,mathematics,7
14,8,mathematics,1
14,9,mathematics,13
14,10,mathematics,9
14,11,mathematics,12
14,12,mathematics,7
14,13,mathematics,1
14,14,mathematics,5
14,15,mathematics,15
14,16,mathematics,15
14,17,mathematics,15
14,18,mathematics,5
14,19,mathematics,2
14,20,mathematics,15
14,21,mathematics,1
14,22,mathematics,21
14,23,mathematics,17
14,24,mathematics,4
14,27,mathematics,1
14,28,mathematics,12
14,29,mathematics,6
14,30,mathematics,4
14,31,mathematics,5
14,32,mathematics,10
14,33,mathematics,6
14,34,mathematics,16
14,35,mathematics,2
14,36,mathematics,28
14,37,mathematics,11
14,38,mathematics,24
14,39,mathematics,5
14,40,mathematics,7
14,41,mathematics,23
14,42,mathematics,12
14,43,mathematics,4
14,44,mathematics,11
14,45,mathematics,10
14,46,mathematics,20
14,47,mathematics,2
14,48,mathematics,10
14,50,mathematics,2
14,51,mathematics,2
14,52,mathematics,3
14,53,mathematics,12
14,54,mathematics,7
14,55,mathematics,3
14,56,mathematics,4
14,57,mathematics,3
14,58,mathematics,18
14,59,mathematics,1
14,60,mathematics,15
14,62,mathematics,4
14,63,mathematics,14
15,0,physics,10
15,1,physics,2
15,2,physics,18
15,3,physics,16
15,4,physics,10
15,5,physics,13
15,6,physics,6
15,7,physics,23
15,8,physics,4
15,9,physics,3
15,10,physics,9
15,11,physics,1
15,12,physics,11
15,13,physics,10
15,14,physics,2
15,15,physics,14
15,16,physics,2
15,17,physics,64
15,18,physics,4
15,19,physics,2
15,20,physics,17
15,21,physics,23
15,22,physics,7
15,23,physics,5
15,24,physics,17
15,25,physics,1
15,26,physics,32
15,27,physics,5
15,28,physics,15
15,29,physics,2
15,30,physics,12
15,31,physics,13
15,33,physics,2
15,34,physics,70
15,35,physics,4
15,36,physics,9
15,37,physics,7
15,38,physics,17
15,39,physics,3
15,40,physics,3
15,41,physics,10
15,43,physics,10
15,44,physics,5
15,45,physics,13
15,46,physics,8
15,47,physics,10
15,48,physics,8
15,51,physics,2
15,52,physics,11
15,53,physics,5
15,54,physics,15
15,55,physics,15
15,56,physics,15
15,57,physics,5
15,58,physics,15
15,60,physics,11
15,61,physics,14
15,62,physics,12
15,63,physics,8
15,0,computer_science,10
15,1,computer_science,9
15,2,computer_science,17
15,3,computer_science,14
15,4,computer_science,7
15,5,computer_science,11
15,6,computer_science,8
15,7,computer_science,25
15,8,computer_science,58
15,9,computer_science,3
15,10,computer_science,8
15,11,computer_science,1
15,12,computer_science,12
15,13,computer_science,8
15,15,computer_science,6
15,17,computer_science,52
15,18,computer_science,6
15,19,computer_science,2
15,20,computer_science,25
15,21,computer_science,28
15,22,computer_science,12
15,23,computer_science,11
15,24,computer_science,21
15,25,computer_science,7
15,26,computer_science,4
15,27,computer_science,10
15,28,computer_science,14
15,29,computer_science,9
15,30,computer_science,74
15,31,computer_science,19
15,33,computer_science,1
15,34,computer_science,42
15,35,computer_science,8
15,36,computer_science,17
15,37,computer_science,8
15,38,computer_science,8
15,39,computer_science,4
15,41,computer_science,5
15,42,computer_science,8
15,43,computer_science,9
15,44,computer_science,5
15,46,computer_science,8
15,47,computer_science,11
15,48,computer_science,3
15,50,computer_science,1
15,51,computer_science,5
15,52,computer_science,14
15,53,computer_science,7
15,54,computer_science,10
15,55,computer_science,14
15,56,computer_science,20
15,57,computer_science,2
15,58,computer_science,26
15,60,computer_science,15
15,61,computer_science,18
15,62,computer_science,5
15,63,computer_science,3
15,0,biology,7
15,1,biology,4
15,2,biology,18
15,3,biology,17
15,4,biology,6
15,5,biology,27
15,6,biology,5
15,7,biology,25
15,8,biology,3
15,9,biology,4
15,10,biology,6
15,11,biology,1
15,12,biology,10
15,13,biology,6
15,14,biology,1
15,15,biology,5
15,17,biology,30
15,18,biology,7
15,19,biology,1
15,20,biology,9
15,21,biology,28
15,22,biology,8
15,23,biology,14
15,24,biology,26
15,25,biology,6
15,26,biology,28
15,27,biology,2
15,28,biology,4
15,29,biology,2
15,30,biology,7
15,31,biology,11
15,33,biology,1
15,34,biology,61
15,35,biology,1
15,36,biology,9
15,37,biology,6
15,38,biology,60
15,39,biology,19
15,40,biology,1
15,41,biology,7
15,42,biology,4
15,43,biology,8
15,44,biology,3
15,45,biology,2
15,46,biology,4
15,47,biology,10
15,48,biology,2
15,49,biology,1
15,51,biology,6
15,52,biology,12
15,53,biology,1
15,54,biology,10
15,55,biology,15
15,56,biology,15
15,57,biology,6
15,58,biology,13
15,59,biology,2
15,60,biology,9
15,61,biology,18
15,62,biology,4
15,63,biology,2
15,0,law,10
15,1,law,1
15,2,law,24
15,3,law,10
15,4,law,11
15,5,law,13
15,6,law,8
15,7,law,30
15,8,law,5
15,9,law,5
15,10,law,5
15,11,law,2
15,12,law,16
15,13,law,5
15,14,law,4
15,15,law,9
15,16,law,4
15,17,law,6
15,18,law,8
15,19,law,5
15,20,law,14
15,21,law,29
15,22,law,7
15,23,law,9
15,24,law,30
15,25,law,43
15,27,law,1
15,28,law,6
15,29,law,1
15,30,law,11
15,31,law,16
15,34,law,15
15,35,law,2
15,36,law,9
15,37,law,8
15,38,law,3
15,39,law,1
15,40,law,4
15,41,law,12
15,42,law,53
15,43,law,10
15,44,law,1
15,46,law,5
15,47,law,14
15,49,law,14
15,50,law,2
15,51,law,42
15,52,law,12
15,53,law,2
15,54,law,13
15,55,law,17
15,56,law,17
15,57,law,6
15,58,law,9
15,60,law,7
15,61,law,20
15,62,law,3
15,63,law,7
15,0,history,7
15,1,history,2
15,2,history,15
15,3,history,19
15,4,history,7
15,5,history,15
15,6,history,4
15,7,history,32
15,8,history,6
15,9,history,5
15,10,history,6
15,12,history,15
15,13,history,7
15,14,history,15
15,15,history,7
15,16,history,9
15,17,history,3
15,18,history,7
15,19,history,4
15,20,history,8
15,21,history,29
15,22,history,12
15,23,history,7
15,24,history,34
15,25,history,24
15,26,history,5
15,28,history,5
15,30,history,6
15,31,history,10
15,32,history,2
15,34,history,9
15,36,history,7
15,37,history,8
15,38,history,4
15,40,history,17
15,41,history,14
15,42,history,23
15,43,history,8
15,44,history,3
15,45,history,2
15,46,history,6
15,47,history,9
15,48,history,10
15,49,history,39
15,51,history,27
15,52,history,19
15,54,history,12
15,55,history,22
15,56,history,16
15,57,history,4
15,58,history,10
15,59,history,4
15,60,history,10
15,61,history,19
15,62,history,6
15,63,history,5
15,0,medicine,7
15,1,medicine,3
15,2,medicine,15
15,3,medicine,17
15,4,medicine,5
15,5,medicine,15
15,6,medicine,6
15,7,medicine,24
15,8,medicine,2
15,9,medicine,4
15,10,medicine,4
15,12,medicine,12
15,13,medicine,4
15,15,medicine,8
15,16,medicine,1
15,17,medicine,14
15,18,medicine,6
15,19,medicine,3
15,20,medicine,10
15,21,medicine,24
15,22,medicine,6
15,23,medicine,8
15,24,medicine,25
15,25,medicine,4
15,26,medicine,15
15,27,medicine,3
15,28,medicine,2
15,29,medicine,1
15,30,medicine,6
15,31,medicine,11
15,33,medicine,1
15,34,medicine,43
15,35,medicine,2
15,36,medicine,9
15,37,medicine,5
15,38,medicine,50
15,39,medicine,31
15,41,medicine,5
15,42,medicine,4
15,43,medicine,7
15,44,medicine,3
15,45,medicine,1
15,46,medicine,1
15,47,medicine,10
15,48,medicine,1
15,51,medicine,6
15,52,medicine,11
15,53,medicine,3
15,54,medicine,8
15,55,medicine,13
15,56,medicine,14
15,57,medicine,4
15,58,medicine,13
15,60,medicine,10
15,61,medicine,18
15,62,medicine,4
15,63,medicine,2
15,0,finance,13
15,1,finance,2
15,2,finance,20
15,3,finance,8
15,4,finance,12
15,5,finance,13
15,6,finance,8
15,7,finance,25
15,8,finance,1
15,9,finance,4
15,10,finance,10
15,12,finance,16
15,13,finance,10
15,14,finance,2
15,15,finance,4
15,16,finance,3
15,17,finance,26
15,18,finance,10
15,19,finance,5
15,20,finance,12
15,21,finance,30
15,22,finance,9
15,23,finance,16
15,24,finance,25
15,25,finance,27
15,26,finance,4
15,27,finance,2
15,28,finance,5
15,29,finance,1
15,30,finance,5
15,31,finance,16
15,32,finance,1
15,34,finance,55
15,35,finance,9
15,36,finance,12
15,37,finance,9
15,38,finance,9
15,39,finance,2
15,40,finance,6
15,41,finance,12
15,42,finance,26
15,43,finance,11
15,44,finance,2
15,46,finance,10
15,47,finance,14
15,48,finance,3
15,49,finance,9
15,51,finance,62
15,52,finance,14
15,53,finance,5
15,54,finance,13
15,55,finance,15
15,56,finance,19
15,57,finance,9
15,58,finance,10
15,60,finance,8
15,61,finance,23
15,62,finance,3
15,63,finance,5
15,0,mathematics,9
15,1,mathematics,3
15,2,mathematics,15
15,3,mathematics,16
15,4,mathematics,8
15,5,mathematics,9
15,6,mathematics,6
15,7,mathematics,21
15,8,mathematics,6
15,9,mathematics,3
15,10,mathematics,5
15,12,mathematics,10
15,13,mathematics,5
15,15,mathematics,7
15,17,mathematics,50
15,18,mathematics,6
15,19,mathematics,2
15,20,mathematics,14
15,21,mathematics,22
15,22,mathematics,7
15,23,mathematics,3
15,24,mathematics,25
15,25,mathematics,7
15,26,mathematics,6
15,28,mathematics,9
15,29,mathematics,2
15,30,mathematics,41
15,31,mathematics,10
15,32,mathematics,1
15,34,mathematics,55
15,35,mathematics,1
15,36,mathematics,6
15,37,mathematics,5
15,38,mathematics,3
15,39,mathematics,1
15,40,mathematics,1
15,41,mathematics,9
15,42,mathematics,8
15,43,mathematics,6
15,44,mathematics,2
15,45,mathematics,1
15,46,mathematics,5
15,47,mathematics,10
15,49,mathematics,2
15,50,mathematics,1
15,51,mathematics,10
15,52,mathematics,16
15,53,mathematics,2
15,54,mathematics,9
15,55,mathematics,16
15,56,mathematics,15
15,57,mathematics,3
15,58,mathematics,14
15,59,mathematics,1
15,60,mathematics,10
15,61,mathematics,14
15,62,mathematics,3
15,63,mathematics,3
